model,imbalance,accuracy,accuracy_std,balanced_accuracy,balanced_accuracy_std,precision,precision_std,recall,recall_std,f1,f1_std,roc_auc,roc_auc_std,pr_auc,pr_auc_std,fit_time_s
RandomForest,none,0.9026557711950971,0.005855326107442881,0.7756284297742924,0.0131969681421245,0.7328083493581015,0.022978039400639264,0.591068252437587,0.02469211041186786,0.6541958630230094,0.022395653230151424,0.9275551810647992,0.005639424125019773,0.7457925696989433,0.01878888403897337,7.34690523147583
RandomForest,class_weight,0.9014300306435137,0.004273033843381384,0.764482658345033,0.009071751893610366,0.7411168620668198,0.020978225380053173,0.5655094824815172,0.017413935798141048,0.6413418239790664,0.015756562918708503,0.9291955024921095,0.005724752332900554,0.7421519644710262,0.020880273434855535,7.228211688995361
HistGradientBoosting,none,0.8990806945863126,0.004292523266486349,0.7697721342843511,0.01314484973302419,0.7173884636407755,0.01629481546516252,0.5818964963034394,0.027008267674932467,0.6422679581366832,0.019451429437641693,0.9284153918219209,0.005356770426247424,0.7392882515339332,0.016657665989480448,1.9195634841918945
HistGradientBoosting,class_weight,0.8797752808988764,0.007139931406456087,0.8390220728341415,0.013220399419110173,0.586086329378275,0.018188741209492366,0.7798114218364942,0.023723333107479528,0.6691206603956736,0.018999864499526162,0.9265606238343482,0.00590306368707767,0.7379255705450807,0.017235986763492972,2.065137243270874
HistGradientBoosting,smote,0.8944841675178754,0.003350606632657156,0.7980379475007937,0.008820267868393418,0.6634708730377665,0.01759301879743159,0.6579106396657023,0.02167653670069143,0.6602230805815367,0.00968715432788487,0.9270494406151663,0.005634134295481234,0.7295121849586393,0.013876499178656285,3.6067184448242187
RandomForest,smote,0.8936670071501533,0.005281995290642654,0.8215985822478944,0.006429969779934015,0.6430361562569158,0.019831771034310944,0.7168906032358299,0.013202512640647165,0.6777218405981055,0.011877260775116732,0.9264753756057033,0.004613963638883809,0.7211555896923032,0.023609947060579495,15.245555210113526
SVM_RBF,none,0.9,0.005301711653671487,0.7815332883899506,0.01442396981678445,0.7081565409187738,0.017138066491697718,0.6094117647058824,0.02823503064096576,0.6548889154101578,0.02206957732624226,0.9012979255728613,0.008790730041519536,0.7175905961161921,0.01596211191212815,3.2066875457763673
XGBoost,smote,0.8949948927477017,0.005420428666566522,0.7873879699677531,0.010261067685082594,0.6746648954618883,0.02062887784852737,0.6310446801671488,0.018920611286337673,0.65199286930231,0.017300804649668163,0.9217643088384021,0.004147226855797328,0.71464793700311,0.013736665199936122,3.1943391799926757
XGBoost,none,0.8948927477017363,0.005763732780251609,0.7659503527563363,0.012044359603363017,0.6964768685386913,0.026623641578670396,0.5786092360441444,0.023500120043215413,0.6317596590056069,0.020032931871000265,0.920050539769047,0.00491712783128078,0.7124594752899931,0.014213725676105435,1.638156270980835
XGBoost,class_weight,0.8870275791624106,0.005202382667312291,0.8072459699291524,0.0071492854682650726,0.6249426416549879,0.02013112141666471,0.69133183327976,0.015619249536506154,0.6561804291916671,0.01192707565583242,0.9190346079574653,0.004796276823282542,0.7106931401141435,0.015411412124758772,1.394992733001709
LogisticRegression,none,0.8953013278855975,0.004236249510383594,0.7704765472841633,0.011120190556017092,0.6937456324612643,0.020401704315346072,0.5891138969248901,0.024005655334623097,0.6367589961384124,0.016066325515266804,0.9142647401962899,0.009968741612732562,0.6941748746435247,0.023238016444709138,0.4724431037902832
KNN,none,0.8932584269662922,0.005938484924922819,0.768467648735664,0.01563850065490374,0.6835892510069763,0.021703731419395453,0.5871531126111647,0.031137202395602234,0.6313690243982942,0.02350223963153968,0.9078190160744741,0.008235807116829285,0.6866895160973892,0.02139569854530052,0.22256011962890626
KNN,class_weight,0.8932584269662922,0.005938484924922819,0.768467648735664,0.01563850065490374,0.6835892510069763,0.021703731419395453,0.5871531126111647,0.031137202395602234,0.6313690243982942,0.02350223963153968,0.9078190160744741,0.008235807116829285,0.6866895160973892,0.02139569854530052,0.20717973709106446
LogisticRegression,class_weight,0.8620020429009193,0.007775110207961234,0.8487922329423853,0.01192861510584792,0.537466506511078,0.017251379518456948,0.8296024858030645,0.022155648574459987,0.6521632139932666,0.016713454710991428,0.9185696670708688,0.008537956997857388,0.6637984211462871,0.026243857613120352,0.40529770851135255
LogisticRegression,smote,0.8552604698672115,0.007503316720002843,0.8416001495770777,0.008186530738635069,0.5232090667639756,0.016460629711138104,0.8217529197471338,0.016308564968899885,0.6391458833086342,0.013259457750853439,0.9161286031793276,0.008731453762264,0.6603514933911717,0.026559685164480203,1.048328971862793
SVM_RBF,smote,0.8599591419816139,0.009052379587785294,0.8425099215351155,0.005571225479842449,0.5340263006991661,0.021072204726694545,0.8171606128790314,0.009738820435482923,0.6456210741338724,0.014376511139954322,0.9157644205150766,0.0060244029282411505,0.6598300505388195,0.02721936083669757,13.310009622573853
SVM_RBF,class_weight,0.8558733401430031,0.008830674053749151,0.8537125740845857,0.009293789776676319,0.5238324391753464,0.01889564712042246,0.8505775206257367,0.018353495222203493,0.6481022152106436,0.015231361722531367,0.9166078830963766,0.0048670244493485264,0.635498040653766,0.025707561692726297,4.915103816986084
KNN,smote,0.7996935648621042,0.00964392053272498,0.8343324449146519,0.00896263161546529,0.4310263003061442,0.012952559602887293,0.884663023679417,0.01872452920640055,0.5794573937551675,0.012080398074270075,0.9030913436016972,0.00841041902138627,0.6017332971398522,0.028395194023142008,0.3746170997619629
DecisionTree,none,0.8758937691521961,0.008945713604008724,0.7413525506202798,0.01196283490197358,0.6161540241858792,0.03801470977268571,0.5458716382727955,0.018605029160588506,0.5785840676742692,0.024743214705805497,0.8147531157232555,0.012062482559423786,0.5403639187398992,0.03335471282036553,0.44283647537231446
DecisionTree,class_weight,0.8412665985699693,0.008225055010908035,0.798585384739753,0.016376763800592418,0.49393187021737806,0.01809872833071075,0.7365691631843995,0.030206667223421222,0.5912221402653003,0.021237267235502694,0.8253920849860471,0.01736957077662192,0.5256311017101489,0.027158066733489975,0.38809428215026853
DecisionTree,smote,0.8573033707865167,0.005293833920265552,0.7527784663518828,0.008867744160549706,0.5383842226965436,0.01648972891391092,0.6009107468123862,0.02037534199789007,0.5676080558594023,0.01238089192234948,0.8287504425716274,0.006971353131102329,0.48767460211327396,0.013516260459444302,1.260341501235962
