feature,mutual_info
PageValues,0.1658468764716876
ExitRates,0.04570044708865684
ProductRelated_Duration,0.030025374467765875
BounceRates,0.024533000777973157
ProductRelated,0.01926189551409685
Administrative_Duration,0.015890311320910122
TrafficType,0.0158040137551603
Month,0.015424532128269847
Administrative,0.014202530737738028
Informational,0.009552484913138537
Informational_Duration,0.006152152043900516
SpecialDay,0.006066935202261758
VisitorType,0.0049865843633107865
OperatingSystems,0.003214685116100006
Browser,0.0011971847094178344
Weekend,0.0004196752876638177
Region,0.0003805120221284236
