column,count,mean,std,min,25%,50%,75%,max
Administrative,12330.0,2.3151662611516626,3.3217841061569113,0.0,0.0,1.0,4.0,27.0
Administrative_Duration,11590.0,81.12386167999327,177.70187337287962,0.0,0.0,7.0,92.90833333,3398.75
Informational,12330.0,0.5035685320356853,1.270156425983391,0.0,0.0,0.0,0.0,24.0
Informational_Duration,12330.0,34.47239792772304,140.74929442219795,0.0,0.0,0.0,0.0,2549.375
ProductRelated,12330.0,31.731467964314678,44.47550330493652,0.0,7.0,18.0,38.0,705.0
ProductRelated_Duration,11714.0,1189.5793520679222,1914.3335192956504,0.0,184.525,597.6290266,1448.8845235,63973.52223
BounceRates,11467.0,0.022137698863434203,0.0484357812012919,0.0,0.0,0.003101093,0.016666667,0.2
ExitRates,12330.0,0.04307279776650446,0.048596540551443565,0.0,0.014285714,0.0251564025,0.05,0.2
PageValues,12330.0,5.889257862693593,18.568436607806525,0.0,0.0,0.0,0.0,361.7637419
SpecialDay,12330.0,0.061427412814274114,0.19891727315262864,0.0,0.0,0.0,0.0,1.0
