column,dtype,n_unique,n_missing
Administrative,float64,27,0
Administrative_Duration,float64,3175,740
Informational,float64,17,0
Informational_Duration,float64,1258,0
ProductRelated,float64,311,0
ProductRelated_Duration,float64,9121,616
BounceRates,float64,1783,863
ExitRates,float64,4777,0
PageValues,float64,2704,0
SpecialDay,float64,6,0
Month,object,10,0
OperatingSystems,object,8,0
Browser,object,13,0
Region,object,9,0
TrafficType,object,20,0
VisitorType,object,3,493
Weekend,object,2,0
Revenue,int64,2,0
