model,experiment,accuracy,accuracy_std,balanced_accuracy,balanced_accuracy_std,precision,precision_std,recall,recall_std,f1,f1_std,roc_auc,roc_auc_std,pr_auc,pr_auc_std,fit_time_s
LogisticRegression,baseline (BEST_PREP),0.8620020429009193,0.007775110207961234,0.8487922329423853,0.01192861510584792,0.537466506511078,0.017251379518456948,0.8296024858030645,0.022155648574459987,0.6521632139932666,0.016713454710991428,0.9185696670708688,0.008537956997857388,0.6637984211462871,0.026243857613120352,0.12181248664855956
RandomForest,baseline (BEST_PREP),0.9014300306435137,0.004273033843381384,0.764482658345033,0.009071751893610366,0.7411168620668198,0.020978225380053173,0.5655094824815172,0.017413935798141048,0.6413418239790664,0.015756562918708503,0.9291955024921095,0.005724752332900554,0.7421519644710262,0.020880273434855535,3.9390110969543457
HistGradientBoosting,baseline (BEST_PREP),0.8797752808988764,0.007139931406456087,0.8390220728341415,0.013220399419110173,0.586086329378275,0.018188741209492366,0.7798114218364942,0.023723333107479528,0.6691206603956736,0.018999864499526162,0.9265606238343482,0.00590306368707767,0.7379255705450807,0.017235986763492972,0.9460530281066895
LogisticRegression,outlier: none,0.8605720122574055,0.008254179305755643,0.8460736052610915,0.011875320091103663,0.534612204305445,0.018511209517939484,0.8250123218686383,0.022425836858829713,0.6485931149954902,0.017027885293639255,0.9178582418918999,0.009501046381571013,0.6662560735506446,0.02902863228369124,0.12432804107666015
RandomForest,outlier: none,0.9018386108273748,0.003908299585231649,0.7660603984528387,0.009141437721750743,0.7415585492257992,0.019046995652022742,0.5687860280724312,0.018135745821112027,0.6435912972170516,0.015108210705067147,0.9290506048827766,0.005971562585608528,0.7422213675695284,0.021238873382090673,3.5660679817199705
HistGradientBoosting,outlier: none,0.8797752808988764,0.007139931406456087,0.8390220728341415,0.013220399419110173,0.586086329378275,0.018188741209492366,0.7798114218364942,0.023723333107479528,0.6691206603956736,0.018999864499526162,0.9265606238343482,0.00590306368707767,0.7379255705450807,0.017235986763492972,0.8240806102752686
LogisticRegression,outlier: log1p,0.8620020429009193,0.007775110207961234,0.8487922329423853,0.01192861510584792,0.537466506511078,0.017251379518456948,0.8296024858030645,0.022155648574459987,0.6521632139932666,0.016713454710991428,0.9185696670708688,0.008537956997857388,0.6637984211462871,0.026243857613120352,0.1386855125427246
RandomForest,outlier: log1p,0.9014300306435137,0.004273033843381384,0.764482658345033,0.009071751893610366,0.7411168620668198,0.020978225380053173,0.5655094824815172,0.017413935798141048,0.6413418239790664,0.015756562918708503,0.9291955024921095,0.005724752332900554,0.7421519644710262,0.020880273434855535,3.3567112922668456
HistGradientBoosting,outlier: log1p,0.8797752808988764,0.007139931406456087,0.8390220728341415,0.013220399419110173,0.586086329378275,0.018188741209492366,0.7798114218364942,0.023723333107479528,0.6691206603956736,0.018999864499526162,0.9265606238343482,0.00590306368707767,0.7379255705450807,0.017235986763492972,0.8734527587890625
LogisticRegression,outlier: quantile cap,0.859652706843718,0.007815264254704229,0.8463312956252971,0.011258714142644866,0.5324839942978274,0.017409822003472873,0.8269795349833924,0.02220557053430773,0.6476189474518992,0.015804918183995625,0.9184541430520896,0.009275585741956886,0.6702204866659438,0.028522176069928917,0.14639019966125488
RandomForest,outlier: quantile cap,0.9,0.004849469855145746,0.7630988248933714,0.011586929073584652,0.7330693221342621,0.021767645032549205,0.5641937212043286,0.022697206939114416,0.6373928724458129,0.019119456001703474,0.9284051909267925,0.006227084642113672,0.7392015260328023,0.022409923131392874,3.5144463539123536
HistGradientBoosting,outlier: quantile cap,0.8772216547497447,0.007809922309955201,0.8353701029442924,0.013186499734725151,0.5798455235039501,0.020143373469164533,0.77456552019715,0.02498913394871152,0.662999669321335,0.019024934867219085,0.9256695645935926,0.005741868386050812,0.7349962144012496,0.014383502186338337,0.8355926990509033
LogisticRegression,no feature engineering,0.8662921348314606,0.0068779349824443095,0.8374397290039385,0.01340312677340386,0.5494821838467262,0.016503065521484644,0.7955234115504124,0.0289744147009982,0.6496942775181707,0.016013669799659555,0.9158006542221709,0.009303509390927589,0.6619912821703168,0.03113912402591739,0.1309438705444336
RandomForest,no feature engineering,0.8983656792645558,0.0036828920076240933,0.7413061412529437,0.002908198267063196,0.7572970750957924,0.025239783653392064,0.5131061823636557,0.002539719071730374,0.6115925106894557,0.009318422492075065,0.9260480429435705,0.006380247373068909,0.7358835877796915,0.020342815464388694,3.0683428764343263
HistGradientBoosting,no feature engineering,0.8768130745658835,0.00782193655529177,0.8364652389360572,0.00829072723966257,0.5785749387077892,0.021846642348682457,0.7778442087217401,0.013116855545671529,0.6633668013920953,0.016319771789045083,0.9258949673805343,0.0062814718082273265,0.73747825530246,0.020236041097078085,0.7347520351409912
LogisticRegression,with feature engineering,0.8620020429009193,0.007775110207961234,0.8487922329423853,0.01192861510584792,0.537466506511078,0.017251379518456948,0.8296024858030645,0.022155648574459987,0.6521632139932666,0.016713454710991428,0.9185696670708688,0.008537956997857388,0.6637984211462871,0.026243857613120352,0.15074257850646972
RandomForest,with feature engineering,0.9014300306435137,0.004273033843381384,0.764482658345033,0.009071751893610366,0.7411168620668198,0.020978225380053173,0.5655094824815172,0.017413935798141048,0.6413418239790664,0.015756562918708503,0.9291955024921095,0.005724752332900554,0.7421519644710262,0.020880273434855535,3.4365524291992187
HistGradientBoosting,with feature engineering,0.8797752808988764,0.007139931406456087,0.8390220728341415,0.013220399419110173,0.586086329378275,0.018188741209492366,0.7798114218364942,0.023723333107479528,0.6691206603956736,0.018999864499526162,0.9265606238343482,0.00590306368707767,0.7379255705450807,0.017235986763492972,0.8964385509490966
LogisticRegression,selector: mutual-info top30,0.8622063329928498,0.007446086606172686,0.8465104139951416,0.011927008712864446,0.5381904120737617,0.0166902150321237,0.8237072752598307,0.02294649898308071,0.650854926712198,0.01633036633819019,0.9177471155070787,0.00884281856675613,0.6647816235410174,0.032706864221616,2.4337067127227785
RandomForest,selector: mutual-info top30,0.9003064351378958,0.0038680482591954128,0.7643538703834301,0.008559602096791557,0.7336907713157842,0.021610428206360208,0.5668252437587056,0.01788709242651932,0.6392567956900963,0.013833484378974442,0.9232729679977816,0.006196966691503794,0.731782292009598,0.016046589876908622,5.5474248886108395
HistGradientBoosting,selector: mutual-info top30,0.8775280898876405,0.007481035106680521,0.8358130111898786,0.013374182777209004,0.5807374849590329,0.020716858251323873,0.7752084003000108,0.027310971655454406,0.6637135501429563,0.018330208468424685,0.9237304543495934,0.004737614871337929,0.7362078425851399,0.01721463514321046,2.617413330078125
LogisticRegression,selector: RF importance,0.8616956077630235,0.01035853510446347,0.8462044995364749,0.01285845165818731,0.5373802635946733,0.023189549367205773,0.823700846458802,0.020191762287738932,0.6502263709500596,0.02102935828769912,0.9190878797920309,0.00914378392221226,0.6643960886578777,0.028483403933285578,1.89132080078125
RandomForest,selector: RF importance,0.9005107252298263,0.0038137190403665995,0.7620729398035458,0.007135390827814682,0.7383768633709683,0.020549036005489633,0.5609321761491481,0.013782809663338415,0.6373744430361168,0.013033113059446572,0.9276726531443205,0.005135007975139149,0.7402319325107556,0.018170240289152793,5.438892936706543
HistGradientBoosting,selector: RF importance,0.8800817160367721,0.005968278307657433,0.8365265455500681,0.008949207826533868,0.5882731586315904,0.018239596566759022,0.7732476159862852,0.0204096972345328,0.6678815698593852,0.012635734082450233,0.9265618377103225,0.005196288329361805,0.7357629983841616,0.01520276391903357,2.493717813491821
LogisticRegression,drop PageValues,0.6437180796731359,0.014902678661869924,0.6829149735356055,0.019357194561902626,0.267741325225127,0.01330960095064121,0.739862852244723,0.027340541520665375,0.393165560714436,0.018060930484468347,0.7492057253685921,0.015977957083839894,0.32794671081165594,0.009903968667588765,0.14964056015014648
RandomForest,drop PageValues,0.8444330949948927,0.002032660749962473,0.5271650125705779,0.006083095798273698,0.5038164898367449,0.04754461774622004,0.06618879245687345,0.01235087702003472,0.11685915342207294,0.020640049699974246,0.7754313561092644,0.012587538178269297,0.36810572922338275,0.01757326718887263,4.313282108306884
HistGradientBoosting,drop PageValues,0.7375893769152195,0.011399130848950266,0.6818695407336646,0.012727934905162282,0.3190864862314194,0.015208015917223809,0.6009128897460624,0.016994540078989616,0.4167576527361743,0.016520350042103935,0.7689821928071633,0.011764432007189315,0.34899493588793057,0.017265211470780754,0.7991643905639648
LogisticRegression,drop PageValues+ExitRates+BounceRates,0.6472931562819203,0.015145737307560381,0.6676674001691817,0.016656023257754355,0.2626686887042184,0.012671434236219532,0.6972677595628416,0.021988679938726635,0.38153304280740297,0.01624950673612721,0.7309162087186852,0.015209112181241052,0.3108798145900086,0.012561438787667224,0.14967789649963378
RandomForest,drop PageValues+ExitRates+BounceRates,0.8448416751787539,0.0018945083749735607,0.5271375543630121,0.0038789749267457777,0.5178205128205129,0.04955206900340013,0.06552876888460303,0.006856538573799454,0.11632211159450709,0.01199872653173,0.7538696356979651,0.011562055120197624,0.3464286557484897,0.014290755304494258,3.4835204124450683
HistGradientBoosting,drop PageValues+ExitRates+BounceRates,0.7257405515832482,0.009266531914232252,0.6697700368601062,0.014469204753207588,0.30396674258899786,0.012916079422996406,0.5884517304189434,0.02744927435650222,0.40078164598082927,0.016720971862247067,0.7479721766684138,0.0142487991579897,0.3309021293807542,0.017361445085376438,0.7414493560791016
