feature,importance
PageValues,0.5598366248719743
Month,0.046117672735125424
ExitRates,0.02541513738582001
ProductRelated,0.024777202859395785
Administrative,0.01687343938882261
VisitorType,0.0134063485738242
ProductRelated_Duration,0.011756042506886189
BounceRates,0.011631467220912317
Weekend,0.003203743974712314
Informational,0.0020949984392871768
TrafficType,0.001875897157154871
OperatingSystems,0.0016272175330846682
Administrative_Duration,0.0008280345347166373
Informational_Duration,0.0007907582920702372
Region,0.00043344646528367117
SpecialDay,0.0001948371321369491
Browser,0.00016480463321721928
