model,scenario,f1,recall,precision,roc_auc,pr_auc,f1_std,pr_auc_std
LogisticRegression,impute_mean+mode,0.6509936918892205,0.8289488910318227,0.5361772042981606,0.9185689582434072,0.6639434897561982,0.015503472365050164,0.02582572108766699
LogisticRegression,impute_median+mode,0.6521632139932666,0.8296024858030645,0.537466506511078,0.9185696670708688,0.6637984211462871,0.016713454710991428,0.026243857613120352
LogisticRegression,impute_knn+mode,0.6515354826323081,0.8289510339654989,0.5369095848988975,0.9186812177921162,0.6641069018111173,0.016333170897079034,0.02577403591765761
LogisticRegression,impute_iterative+mode,0.6505169580048686,0.828297439194257,0.5358171605473283,0.9186397212045012,0.6644159584653565,0.015344207051951685,0.025958484712396073
LogisticRegression,impute_median+Unknown_category,0.6537084445966058,0.8309139612129005,0.5390043513292626,0.9185300017464219,0.6637462764719259,0.016279467789214314,0.026048445206910787
LogisticRegression,delete_incomplete_rows (n=7805 of 9790),0.6597263417587168,0.8264704914255621,0.549741444589419,0.9174983299425342,0.6558754210123278,0.012538441379418992,0.02877698581118981
RandomForest,impute_mean+mode,0.679065151729828,0.7424386585235186,0.6261171515081941,0.929405019718951,0.7371283042177394,0.015635189498695752,0.023876138877334696
RandomForest,impute_median+mode,0.6818377176814796,0.7444037287045966,0.6292673772033398,0.9300392135519384,0.7394025294135418,0.019478422866622064,0.021560073675210397
RandomForest,impute_knn+mode,0.6813292092820428,0.7437479909996785,0.6289666174959161,0.9295120094257101,0.7375268532965278,0.019204408269669966,0.02249302487059435
RandomForest,impute_iterative+mode,0.6802661818703495,0.7404671595414122,0.6294770562741665,0.9297920452055637,0.7379854707023219,0.021857141016436436,0.021948379350867988
RandomForest,impute_median+Unknown_category,0.6828735742903769,0.7463752276867031,0.6296575636791275,0.9291635763571009,0.7380512239047314,0.01828463114019325,0.020589692374116588
RandomForest,delete_incomplete_rows (n=7805 of 9790),0.6809014042808805,0.7404957045521872,0.6309273506985857,0.9275278941555994,0.7424681245323168,0.011966477363854642,0.01917150354730861
HistGradientBoosting,impute_mean+mode,0.6592181218675764,0.7653916211293261,0.5791413973587616,0.9258958635356542,0.734885522016298,0.016173214882116607,0.018076965150489063
HistGradientBoosting,impute_median+mode,0.6640898213527716,0.7699774991963999,0.5839818109786521,0.9256220481118156,0.7328799151455189,0.015256887886066599,0.013723985925796996
HistGradientBoosting,impute_knn+mode,0.658632852858214,0.7660559305689489,0.5778411901978688,0.9247740838565026,0.7308888473463819,0.017414187859675717,0.018401479467836504
HistGradientBoosting,impute_iterative+mode,0.6634490164273651,0.7673631201114326,0.5846469890085453,0.9257028291840246,0.7341956048815967,0.026035820027092392,0.026809233230015307
HistGradientBoosting,impute_median+Unknown_category,0.6577959439074768,0.7640737169184613,0.5779491709078399,0.9261812562235843,0.7328359812598619,0.015482892013274649,0.015179797870593537
HistGradientBoosting,delete_incomplete_rows (n=7805 of 9790),0.663448765093823,0.7486290773838913,0.596738568766795,0.9224626849980359,0.7353686359394974,0.015475066592933882,0.012836938763473062
