rate,column,strategy,RMSE,MAE,NRMSE,n_cells,accuracy
0.05,Administrative_Duration,mean,179.260854009013,100.08611759773817,0.9945811942981381,491,
0.05,ProductRelated_Duration,mean,1783.884579829928,1153.886474998215,0.9138867524540116,491,
0.05,BounceRates,mean,0.05546896225726415,0.03209645259922858,1.1480661194318744,491,
0.05,VisitorType,mode,,,,491,0.824847250509165
0.05,Administrative_Duration,median,193.86524990139054,80.72164877256007,1.0756098025179415,491,
0.05,ProductRelated_Duration,median,1898.066697676519,1018.5247448599592,0.9723824231083824,491,
0.05,BounceRates,median,0.06017460533377034,0.02647378536252546,1.2454609356755915,491,
0.05,VisitorType,mode,,,,491,0.824847250509165
0.05,Administrative_Duration,knn,151.05258696336165,56.88200687187862,0.8380751233969354,491,
0.05,ProductRelated_Duration,knn,1074.3094825085768,628.6662942426924,0.5503703631957599,491,
0.05,BounceRates,knn,0.01412645450917253,0.00677595142240326,0.292381597738521,491,
0.05,VisitorType,mode,,,,491,0.824847250509165
0.05,Administrative_Duration,iterative,136.91027859410144,59.54952378583655,0.7596102849591794,491,
0.05,ProductRelated_Duration,iterative,1007.7177695993357,563.9407643747348,0.5162553285466134,491,
0.05,BounceRates,iterative,0.02036193693865616,0.013179992031182558,0.4214401887826577,491,
0.05,VisitorType,mode,,,,491,0.824847250509165
0.05,VisitorType,mode,,,,491,0.824847250509165
0.05,VisitorType,unknown,,,,491,0.0
0.1,Administrative_Duration,mean,176.94125180298641,99.77893319995276,0.9817114980941329,983,
0.1,ProductRelated_Duration,mean,1946.7198547714308,1125.004806738001,0.9973075086418551,983,
0.1,BounceRates,mean,0.046253263827607326,0.027992791951652274,0.9573246542333803,983,
0.1,VisitorType,mode,,,,983,0.8677517802644964
0.1,Administrative_Duration,median,190.62408023038975,78.926617940824,1.0576270342212737,983,
0.1,ProductRelated_Duration,median,2016.5922355380633,955.6944072190336,1.0331032343670787,983,
0.1,BounceRates,median,0.04941641024506533,0.020520864500508648,1.0227937217065197,983,
0.1,VisitorType,mode,,,,983,0.8677517802644964
0.1,Administrative_Duration,knn,132.8620225187046,57.1617205127589,0.7371496123011632,983,
0.1,ProductRelated_Duration,knn,1001.3011096048672,512.5096167131808,0.5129680639835072,983,
0.1,BounceRates,knn,0.011944575813267378,0.006691699522482198,0.24722227069250505,983,
0.1,VisitorType,mode,,,,983,0.8677517802644964
0.1,Administrative_Duration,iterative,122.12151360607908,55.99005013619487,0.6775587538243213,983,
0.1,ProductRelated_Duration,iterative,845.8761526602874,464.8655291244929,0.4333436248474682,983,
0.1,BounceRates,iterative,0.018704900414982666,0.0132460466203063,0.38714375679484675,983,
0.1,VisitorType,mode,,,,983,0.8677517802644964
0.1,VisitorType,mode,,,,983,0.8677517802644964
0.1,VisitorType,unknown,,,,983,0.0
0.2,Administrative_Duration,mean,184.36799019407727,97.01565130174049,1.0229167817551132,1966,
0.2,ProductRelated_Duration,mean,1965.617433882992,1132.4627382985962,1.006988766834666,1966,
0.2,BounceRates,mean,0.04839923793388218,0.02895126927261126,1.0017408478006145,1966,
0.2,VisitorType,mode,,,,1966,0.8474059003051883
0.2,Administrative_Duration,median,197.68961152059777,78.24044419648526,1.096828256305224,1966,
0.2,ProductRelated_Duration,median,2074.2859244720826,1028.5083443246695,1.0626597979548584,1966,
0.2,BounceRates,median,0.05205825220794019,0.022324304788911495,1.0774731158585678,1966,
0.2,VisitorType,mode,,,,1966,0.8474059003051883
0.2,Administrative_Duration,knn,167.33438834923953,59.26290535922472,0.9284103700809511,1966,
0.2,ProductRelated_Duration,knn,1011.608587494829,565.2185918126918,0.5182486004046173,1966,
0.2,BounceRates,knn,0.01336086787111107,0.007161517001119023,0.2765359059339477,1966,
0.2,VisitorType,mode,,,,1966,0.8474059003051883
0.2,Administrative_Duration,iterative,139.85357120967547,58.49168145611369,0.7759403616005599,1966,
0.2,ProductRelated_Duration,iterative,951.4710506183303,522.3189594492726,0.4874400498413929,1966,
0.2,BounceRates,iterative,0.01973072158107713,0.013503111903742933,0.4083756399500958,1966,
0.2,VisitorType,mode,,,,1966,0.8474059003051883
0.2,VisitorType,mode,,,,1966,0.8474059003051883
0.2,VisitorType,unknown,,,,1966,0.0
0.3,Administrative_Duration,mean,189.27109040476168,99.3919944902749,1.0501203298485569,2950,
0.3,ProductRelated_Duration,mean,2149.9790434525867,1130.6856150783462,1.1014374966189742,2950,
0.3,BounceRates,mean,0.04921648485449329,0.029040006622564334,1.0186557757636086,2950,
0.3,VisitorType,mode,,,,2950,0.8532203389830508
0.3,Administrative_Duration,median,204.61545320026397,83.58052080347356,1.135254447719753,2950,
0.3,ProductRelated_Duration,median,2235.3978607137437,993.5281236929219,1.1451976851356012,2950,
0.3,BounceRates,median,0.05298937997273833,0.022422005456949157,1.0967450869956712,2950,
0.3,VisitorType,mode,,,,2950,0.8532203389830508
0.3,Administrative_Duration,knn,162.0822547954805,61.69434418042515,0.899270303269441,2950,
0.3,ProductRelated_Duration,knn,1304.2507128086418,540.7611023798772,0.66816960121274,2950,
0.3,BounceRates,knn,0.013881124335339232,0.006857381730440679,0.28730388852618655,2950,
0.3,VisitorType,mode,,,,2950,0.8532203389830508
0.3,Administrative_Duration,iterative,147.45445870564478,62.757623151594366,0.8181118652746797,2950,
0.3,ProductRelated_Duration,iterative,1086.7084929796595,492.3714130312461,0.5567223949029577,2950,
0.3,BounceRates,iterative,0.020210055435227126,0.01364001635318966,0.4182966288320221,2950,
0.3,VisitorType,mode,,,,2950,0.8532203389830508
0.3,VisitorType,mode,,,,2950,0.8532203389830508
0.3,VisitorType,unknown,,,,2950,0.0
