mean_fit_time,std_fit_time,mean_score_time,std_score_time,param_model__colsample_bytree,param_model__learning_rate,param_model__max_depth,param_model__min_child_weight,param_model__n_estimators,param_model__scale_pos_weight,param_model__subsample,params,split0_test_pr_auc,split1_test_pr_auc,split2_test_pr_auc,split3_test_pr_auc,split4_test_pr_auc,mean_test_pr_auc,std_test_pr_auc,rank_test_pr_auc,split0_test_roc_auc,split1_test_roc_auc,split2_test_roc_auc,split3_test_roc_auc,split4_test_roc_auc,mean_test_roc_auc,std_test_roc_auc,rank_test_roc_auc,split0_test_f1,split1_test_f1,split2_test_f1,split3_test_f1,split4_test_f1,mean_test_f1,std_test_f1,rank_test_f1,split0_test_recall,split1_test_recall,split2_test_recall,split3_test_recall,split4_test_recall,mean_test_recall,std_test_recall,rank_test_recall,split0_test_precision,split1_test_precision,split2_test_precision,split3_test_precision,split4_test_precision,mean_test_precision,std_test_precision,rank_test_precision
1.5769499778747558,0.2694207344370311,0.21189918518066406,0.045665228389766756,0.847892199672541,0.03713861285134416,4,9,209,1.0,0.6967409163601807,"{'model__colsample_bytree': np.float64(0.847892199672541), 'model__learning_rate': np.float64(0.03713861285134416), 'model__max_depth': 4, 'model__min_child_weight': 9, 'model__n_estimators': 209, 'model__scale_pos_weight': 1, 'model__subsample': np.float64(0.6967409163601807)}",0.7549900698659447,0.7271313426311933,0.7548627826664593,0.7772240688684794,0.7419438291624468,0.7512304186389047,0.01655297620710448,1,0.9365949769738403,0.9229557783662093,0.9358781351343309,0.9398272390983111,0.9283508375234298,0.9327213934192244,0.0061633060418482995,1,0.6772486772486772,0.6313932980599647,0.6568807339449542,0.6797153024911032,0.6558558558558558,0.660218773520111,0.017499816325749554,18,0.6274509803921569,0.5868852459016394,0.5868852459016394,0.6262295081967213,0.5967213114754099,0.6048344583735135,0.01832717563875294,29,0.735632183908046,0.683206106870229,0.7458333333333333,0.7431906614785992,0.728,0.7271724571180413,0.02284776982882732,1
2.2528708934783936,0.17037760325628876,0.2776146411895752,0.08854804313415847,0.5442462510259598,0.034003508264422166,3,8,362,1.0,0.7085396127095583,"{'model__colsample_bytree': np.float64(0.5442462510259598), 'model__learning_rate': np.float64(0.034003508264422166), 'model__max_depth': 3, 'model__min_child_weight': 8, 'model__n_estimators': 362, 'model__scale_pos_weight': 1, 'model__subsample': np.float64(0.7085396127095583)}",0.7485038837407915,0.7193287020587149,0.7519458460860394,0.7725499192039569,0.7413365327831202,0.7467329767745247,0.017186858437763766,2,0.9352023295193784,0.9206053573730822,0.9354913569962214,0.9383297134866563,0.928477780091835,0.9316213074934346,0.006388061277929425,3,0.6608391608391608,0.6142857142857143,0.6470588235294118,0.6855123674911661,0.6583184257602862,0.6532028983811478,0.023154609876079507,23,0.6176470588235294,0.5639344262295082,0.5770491803278689,0.6360655737704918,0.6032786885245902,0.5995949855351977,0.026266098478423264,30,0.7105263157894737,0.6745098039215687,0.7364016736401674,0.7432950191570882,0.7244094488188977,0.7178284522654391,0.024358352114096996,2
3.5567883491516112,0.2910522862890952,0.308684778213501,0.06231400021565738,0.6110539052353652,0.027669582514546143,6,8,464,3.0,0.687505687829228,"{'model__colsample_bytree': np.float64(0.6110539052353652), 'model__learning_rate': np.float64(0.027669582514546143), 'model__max_depth': 6, 'model__min_child_weight': 8, 'model__n_estimators': 464, 'model__scale_pos_weight': 3, 'model__subsample': np.float64(0.687505687829228)}",0.7425137948113014,0.7240755134817239,0.7503055028524421,0.7768037443249125,0.7392234400743237,0.7465843991089407,0.01734623248886266,3,0.9329867540236434,0.9243898326936618,0.9307230767705017,0.9385260777721579,0.9275098430077455,0.930827116853542,0.0048247650594570365,9,0.684287812041116,0.6586466165413534,0.6761904761904762,0.6920821114369502,0.6787330316742082,0.6779880095768208,0.011101413307195527,4,0.761437908496732,0.7180327868852459,0.6983606557377049,0.7737704918032787,0.7377049180327869,0.7378613521911498,0.027563823424761845,12,0.6213333333333333,0.6083333333333333,0.6553846153846153,0.6259946949602122,0.6284916201117319,0.6279075194246453,0.015397139717092287,26
3.6659385204315185,0.12648209753233436,0.34011025428771974,0.05365281737995001,0.647816842918857,0.026613431317616388,6,4,435,3.0,0.8157368967662603,"{'model__colsample_bytree': np.float64(0.647816842918857), 'model__learning_rate': np.float64(0.026613431317616388), 'model__max_depth': 6, 'model__min_child_weight': 4, 'model__n_estimators': 435, 'model__scale_pos_weight': 3, 'model__subsample': np.float64(0.8157368967662603)}",0.7403266297588744,0.7253832779077373,0.7483246723651563,0.7793306290929344,0.7383112453008466,0.7463352908851097,0.018067241881339464,4,0.932359667030654,0.9248857021014946,0.9317683694822132,0.9396288913351779,0.9279452163478228,0.9313175692594726,0.004962034714715727,8,0.6962962962962963,0.655688622754491,0.6869009584664537,0.6875934230194319,0.6666666666666666,0.678629193440668,0.01503514457609324,2,0.7679738562091504,0.7180327868852459,0.7049180327868853,0.7540983606557377,0.7081967213114754,0.730643951569699,0.02556706320307369,14,0.6368563685636857,0.6033057851239669,0.6697819314641744,0.6318681318681318,0.6297376093294461,0.6343099652698809,0.021226741300312747,24
1.6723999977111816,0.09979062701526065,0.2483816146850586,0.03631473061761567,0.7613664146909971,0.0636586244779324,4,3,212,5.5,0.7901480892728447,"{'model__colsample_bytree': np.float64(0.7613664146909971), 'model__learning_rate': np.float64(0.0636586244779324), 'model__max_depth': 4, 'model__min_child_weight': 3, 'model__n_estimators': 212, 'model__scale_pos_weight': 5.5, 'model__subsample': np.float64(0.7901480892728447)}",0.7417487143798441,0.7163915201566564,0.7599026996251369,0.7725179798162654,0.7383176214027296,0.7457757070761264,0.019235338431094814,5,0.9335485606672047,0.9212797397677348,0.9343092043279483,0.9399145121140896,0.9278113316077077,0.931372669696937,0.006338314800870489,5,0.649616368286445,0.6401028277634961,0.6821282401091405,0.6787564766839378,0.650730411686587,0.6602668649059212,0.016915973998589764,17,0.8300653594771242,0.8163934426229508,0.819672131147541,0.8590163934426229,0.8032786885245902,0.8256852030429658,0.018733391374925034,3,0.5336134453781513,0.5264270613107822,0.5841121495327103,0.5610278372591007,0.546875,0.5504110986961489,0.020583367875475447,38
1.4440692901611327,0.08002192985248367,0.20669021606445312,0.03628890963946079,0.5165253664502742,0.050917289217539824,3,3,275,3.0,0.8123738333268545,"{'model__colsample_bytree': np.float64(0.5165253664502742), 'model__learning_rate': np.float64(0.050917289217539824), 'model__max_depth': 3, 'model__min_child_weight': 3, 'model__n_estimators': 275, 'model__scale_pos_weight': 3, 'model__subsample': np.float64(0.8123738333268545)}",0.743830513157592,0.7203496942712834,0.7553142992337687,0.7686544090609583,0.733632725097333,0.744356328164187,0.016745533614981285,6,0.9339936539587587,0.9233108208622177,0.9364156575724216,0.9374569833288706,0.9274919917090635,0.9317338214862664,0.005453825680923189,2,0.6832641770401107,0.6590909090909091,0.6943620178041543,0.6888888888888889,0.6734104046242775,0.6798032794896681,0.012460771307583569,1,0.8071895424836601,0.760655737704918,0.7672131147540984,0.8131147540983606,0.7639344262295082,0.7824215150541092,0.022813798729221617,7,0.592326139088729,0.581453634085213,0.6341463414634146,0.5975903614457831,0.6020671834625323,0.6015167319091344,0.017705398568095658,29
5.955050134658814,0.7796380989069404,0.5168850421905518,0.1348989587878429,0.5779972601681014,0.023406777359270506,7,4,509,5.5,0.608233797718321,"{'model__colsample_bytree': np.float64(0.5779972601681014), 'model__learning_rate': np.float64(0.023406777359270506), 'model__max_depth': 7, 'model__min_child_weight': 4, 'model__n_estimators': 509, 'model__scale_pos_weight': 5.5, 'model__subsample': np.float64(0.608233797718321)}",0.7295565479188552,0.7229512542777525,0.7510215042125489,0.7743632660089605,0.7415012786407874,0.7438787702117808,0.018050277414827322,7,0.9294141385367706,0.9239435502266122,0.9328077117610306,0.9379409518709153,0.9267343032538949,0.9301681311298446,0.004868043021878419,10,0.6778711484593838,0.6526019690576652,0.6925373134328359,0.6798307475317349,0.6695526695526696,0.6744787696068579,0.013184261610839148,5,0.7908496732026143,0.760655737704918,0.760655737704918,0.7901639344262295,0.760655737704918,0.7725961641487196,0.01462558372362269,9,0.5931372549019608,0.5714285714285714,0.6356164383561644,0.5965346534653465,0.5979381443298969,0.598931012496388,0.02070024485877666,30
1.159855556488037,0.0906415967946672,0.1931851863861084,0.028116198278043465,0.856135294962221,0.029867147006635505,3,1,151,3.0,0.7644148053272926,"{'model__colsample_bytree': np.float64(0.856135294962221), 'model__learning_rate': np.float64(0.029867147006635505), 'model__max_depth': 3, 'model__min_child_weight': 1, 'model__n_estimators': 151, 'model__scale_pos_weight': 3, 'model__subsample': np.float64(0.7644148053272926)}",0.7536811013207454,0.7102706209742928,0.7510974999242651,0.7713105982171362,0.7315013758976032,0.7435722392668087,0.02089468219726661,8,0.9379589406384022,0.9195749407436058,0.9354893735185902,0.9372397925282397,0.9265944680808862,0.9313715031019448,0.007166128074802708,6,0.6981919332406119,0.6543385490753911,0.6939970717423133,0.6795048143053645,0.6657018813314037,0.678346849939017,0.01659151226777864,3,0.8202614379084967,0.7540983606557377,0.7770491803278688,0.8098360655737705,0.7540983606557377,0.7830686810243223,0.027620960712527023,6,0.6077481840193705,0.5778894472361809,0.626984126984127,0.5853080568720379,0.5958549222797928,0.5987569474783018,0.01733414533536902,31
2.7041451930999756,1.151935668140174,0.4337321281433105,0.14214470919430125,0.8058265802441404,0.020386403485316923,3,1,208,5.5,0.6557975442608167,"{'model__colsample_bytree': np.float64(0.8058265802441404), 'model__learning_rate': np.float64(0.020386403485316923), 'model__max_depth': 3, 'model__min_child_weight': 1, 'model__n_estimators': 208, 'model__scale_pos_weight': 5.5, 'model__subsample': np.float64(0.6557975442608167)}",0.7540135396121489,0.7085007706522015,0.745562205558923,0.771642033318694,0.7296390764154114,0.7418715251114757,0.021496850241366952,9,0.9377245248381838,0.9195075025041406,0.9345908581515973,0.9376583063084507,0.9272906687294835,0.9313543721063711,0.0070378303287205535,7,0.6550868486352357,0.6259351620947631,0.6640522875816993,0.6624525916561315,0.6538952745849298,0.6522844329105518,0.013759406042080454,24,0.8627450980392157,0.8229508196721311,0.8327868852459016,0.8590163934426229,0.839344262295082,0.8433686917389907,0.015266668598368678,2,0.528,0.5050301810865191,0.5521739130434783,0.5390946502057613,0.5355648535564853,0.5319727195784488,0.015578166907733854,40
2.4895941257476806,0.24912134180095416,0.22586512565612793,0.02220981171266814,0.5002601884976579,0.05196167542783432,5,7,347,5.5,0.7669644012595116,"{'model__colsample_bytree': np.float64(0.5002601884976579), 'model__learning_rate': np.float64(0.05196167542783432), 'model__max_depth': 5, 'model__min_child_weight': 7, 'model__n_estimators': 347, 'model__scale_pos_weight': 5.5, 'model__subsample': np.float64(0.7669644012595116)}",0.7280817185530257,0.7169346595423683,0.7501368684843615,0.7759260321419791,0.7360895725163731,0.7414337702476215,0.02035929374365126,10,0.9289650888604029,0.9223091646583956,0.9311277062072932,0.9369987999960331,0.9267977745380978,0.9292397068520444,0.004854666446784747,11,0.6550802139037433,0.6417112299465241,0.6857142857142857,0.6738544474393531,0.6675977653631285,0.6647915884734069,0.01519725664038269,11,0.8006535947712419,0.7868852459016393,0.7868852459016393,0.819672131147541,0.7836065573770492,0.7955405550198221,0.013421812049852258,5,0.5542986425339367,0.5417607223476298,0.6075949367088608,0.5720823798627003,0.5815085158150851,0.5714490394536427,0.022731706316137305,36
1.5861857891082765,0.13487182994539876,0.23826494216918945,0.07261030078937666,0.5078182033705969,0.06294899142553985,3,8,212,5.5,0.679536961635522,"{'model__colsample_bytree': np.float64(0.5078182033705969), 'model__learning_rate': np.float64(0.06294899142553985), 'model__max_depth': 3, 'model__min_child_weight': 8, 'model__n_estimators': 212, 'model__scale_pos_weight': 5.5, 'model__subsample': np.float64(0.679536961635522)}",0.7419278781979423,0.7079887628800227,0.7522288402998359,0.7638647091746666,0.735588392099154,0.7403197165303244,0.01879604259592864,11,0.9341894950070424,0.9203832078783731,0.9346146598831732,0.9386133507879364,0.9296480318943203,0.9314897490901691,0.006237733186777834,4,0.6510480887792849,0.6279949558638083,0.6800535475234271,0.6625155666251556,0.6479591836734694,0.653914268493029,0.017162360130923964,21,0.8627450980392157,0.8163934426229508,0.8327868852459016,0.8721311475409836,0.8327868852459016,0.8433686917389908,0.020757347167014262,1,0.5227722772277228,0.5102459016393442,0.5746606334841629,0.5341365461847389,0.5302713987473904,0.5344173514566719,0.021710164733975853,39
2.73848295211792,0.09969873347159662,0.33682928085327146,0.0908633965966753,0.9143687545759647,0.05255384124729447,6,9,306,5.5,0.6661067756252009,"{'model__colsample_bytree': np.float64(0.9143687545759647), 'model__learning_rate': np.float64(0.05255384124729447), 'model__max_depth': 6, 'model__min_child_weight': 9, 'model__n_estimators': 306, 'model__scale_pos_weight': 5.5, 'model__subsample': np.float64(0.6661067756252009)}",0.7399184744495848,0.7109867057329459,0.7421085293687898,0.7708049057695507,0.7326808035783716,0.7392998837798486,0.019216065304123935,12,0.9299086866384971,0.9205676712980869,0.9283528210010612,0.9377941745261967,0.9249590907738539,0.9283164888475393,0.0057215248823058815,14,0.6712141882673943,0.6510344827586206,0.6825633383010432,0.6858710562414266,0.6541244573082489,0.6689615045753468,0.014265577344707831,8,0.803921568627451,0.7737704918032787,0.7508196721311475,0.819672131147541,0.740983606557377,0.7778334940533591,0.030117197610261437,8,0.5761124121779859,0.5619047619047619,0.6256830601092896,0.589622641509434,0.5854922279792746,0.5877630207361492,0.021217588481220927,33
4.511507987976074,0.08899847707085072,0.10037097930908204,0.016956452505347757,0.9972287313054103,0.032205804151079535,6,1,547,1.0,0.6715290836885315,"{'model__colsample_bytree': np.float64(0.9972287313054103), 'model__learning_rate': np.float64(0.032205804151079535), 'model__max_depth': 6, 'model__min_child_weight': 1, 'model__n_estimators': 547, 'model__scale_pos_weight': 1, 'model__subsample': np.float64(0.6715290836885315)}",0.7329818508885118,0.7175087333915594,0.7450048486150337,0.7721518600451728,0.7267547105904199,0.7388804007061396,0.018884238312816812,13,0.9307850258747568,0.922251643807087,0.9309412593099481,0.9371872303710095,0.9223587515991788,0.9287047821923959,0.005713077455946069,12,0.6584070796460177,0.6140035906642729,0.6441947565543071,0.6618444846292948,0.6245487364620939,0.6405997295911974,0.018688790959930812,33,0.6078431372549019,0.5606557377049181,0.5639344262295082,0.6,0.5672131147540984,0.5799292831886853,0.0198545856993602,36,0.7181467181467182,0.6785714285714286,0.7510917030567685,0.7379032258064516,0.6947791164658634,0.716098438409446,0.02670940931396673,3
3.082512855529785,0.37561181612910466,0.45774083137512206,0.03320884050359394,0.6558555380447055,0.08178571400096163,4,4,459,1.0,0.9878338511058234,"{'model__colsample_bytree': np.float64(0.6558555380447055), 'model__learning_rate': np.float64(0.08178571400096163), 'model__max_depth': 4, 'model__min_child_weight': 4, 'model__n_estimators': 459, 'model__scale_pos_weight': 1, 'model__subsample': np.float64(0.9878338511058234)}",0.729619766467783,0.7183187463540344,0.7396835774867917,0.7710763480675454,0.7278646900484703,0.737312625684925,0.01819242361170842,14,0.9269117251420342,0.9221901560005157,0.9290331538286077,0.935273174456775,0.9233167712951118,0.927344996144609,0.0046624582320162165,17,0.6690017513134852,0.6173285198555957,0.6367041198501873,0.6514886164623468,0.6298932384341637,0.6408832491831558,0.017867258934258123,32,0.6241830065359477,0.5606557377049181,0.5573770491803278,0.6098360655737705,0.580327868852459,0.5864759455694847,0.026528269472010195,32,0.720754716981132,0.6867469879518072,0.74235807860262,0.6992481203007519,0.688715953307393,0.7075647714287407,0.02117722185377383,4
4.594000387191772,0.15235242551703287,0.12237868309020997,0.021942239750632954,0.9868319183776586,0.04314663912386482,8,2,343,3.0,0.7793696571944989,"{'model__colsample_bytree': np.float64(0.9868319183776586), 'model__learning_rate': np.float64(0.04314663912386482), 'model__max_depth': 8, 'model__min_child_weight': 2, 'model__n_estimators': 343, 'model__scale_pos_weight': 3, 'model__subsample': np.float64(0.7793696571944989)}",0.7319658647677593,0.7173839923484048,0.7355943579321591,0.7745489249262856,0.725619174665331,0.7370224629279879,0.019756257382658383,15,0.9285516466473596,0.9238225580911011,0.9286900121983875,0.9387680620431802,0.9225888350044131,0.9284842227968884,0.005697209140444155,13,0.6698412698412698,0.6460032626427407,0.6655405405405406,0.6848,0.6557911908646004,0.6643952527778303,0.013111976797197724,12,0.6895424836601307,0.6491803278688525,0.6459016393442623,0.7016393442622951,0.659016393442623,0.6690560377156327,0.022420217643603323,20,0.6512345679012346,0.6428571428571429,0.686411149825784,0.66875,0.6525974025974026,0.6603700526363128,0.0154850601519995,16
4.552916574478149,0.1616395168552239,0.357453441619873,0.03754639843167711,0.917651247794619,0.047675650364083014,8,3,297,5.5,0.6880964190262193,"{'model__colsample_bytree': np.float64(0.917651247794619), 'model__learning_rate': np.float64(0.047675650364083014), 'model__max_depth': 8, 'model__min_child_weight': 3, 'model__n_estimators': 297, 'model__scale_pos_weight': 5.5, 'model__subsample': np.float64(0.6880964190262193)}",0.7305585819546156,0.7104007869757505,0.7397338632073552,0.7696695662214522,0.7269233338021205,0.7354572264322587,0.019562326115961128,16,0.9289156340502303,0.9225412315412613,0.9275237273511648,0.9366040879473981,0.9223766028978608,0.9275922567575832,0.005209319073589473,16,0.684287812041116,0.649624060150376,0.6848,0.6726726726726727,0.6625954198473283,0.6707959929422985,0.013395248861513543,6,0.761437908496732,0.7081967213114754,0.7016393442622951,0.7344262295081967,0.7114754098360656,0.723435122682953,0.021978697520792945,16,0.6213333333333333,0.6,0.66875,0.6204986149584487,0.62,0.6261163896583565,0.02276636897878236,27
1.7183779239654542,0.18025663303024836,0.22327618598937987,0.026396190815472002,0.9315517129377968,0.1081646811537551,4,1,197,5.5,0.7243929286862649,"{'model__colsample_bytree': np.float64(0.9315517129377968), 'model__learning_rate': np.float64(0.1081646811537551), 'model__max_depth': 4, 'model__min_child_weight': 1, 'model__n_estimators': 197, 'model__scale_pos_weight': 5.5, 'model__subsample': np.float64(0.7243929286862649)}",0.7269076354960099,0.7143074578249475,0.7439270076315286,0.7547683898165832,0.7201239637105127,0.7320068908959164,0.015103981668864199,17,0.9303359761983889,0.9211785824085369,0.9298959665982367,0.9348685450199834,0.9220632134321104,0.9276684567314513,0.0052432042273366465,15,0.6569536423841059,0.6432432432432432,0.6873239436619718,0.6640316205533597,0.6493150684931507,0.6601735036671663,0.01527703045065612,19,0.8104575163398693,0.780327868852459,0.8,0.8262295081967214,0.7770491803278688,0.7988128147433836,0.018460945650651848,4,0.5523385300668151,0.5471264367816092,0.6024691358024692,0.5550660792951542,0.5576470588235294,0.5629294481539154,0.020074988520807757,37
7.86586217880249,1.3268007811973088,0.5288563251495362,0.05710190239921508,0.6460723242676091,0.05393925667147033,8,3,513,5.5,0.9932923543227152,"{'model__colsample_bytree': np.float64(0.6460723242676091), 'model__learning_rate': np.float64(0.05393925667147033), 'model__max_depth': 8, 'model__min_child_weight': 3, 'model__n_estimators': 513, 'model__scale_pos_weight': 5.5, 'model__subsample': np.float64(0.9932923543227152)}",0.7235652799662748,0.7054686978450547,0.7414595493521895,0.7579891994346485,0.7220965547063742,0.7301158562609084,0.018001690464069298,18,0.9277841079934799,0.9193795681969197,0.9280453819682047,0.9332381264070295,0.9213749466940386,0.9259644262519344,0.004999440178597166,18,0.6811819595645412,0.6376360808709176,0.6839546191247974,0.6882716049382716,0.6456692913385826,0.667342711167422,0.021249564171075614,9,0.7156862745098039,0.6721311475409836,0.6918032786885245,0.7311475409836066,0.6721311475409836,0.6965798778527804,0.023572333167659554,18,0.6498516320474778,0.606508875739645,0.6762820512820513,0.6501457725947521,0.6212121212121212,0.6408000905752095,0.024445112680061793,21
3.35306978225708,0.15993226104117278,0.2673828125,0.04971941772504097,0.9015698781899479,0.0714737322617201,4,6,544,5.5,0.6361159080217633,"{'model__colsample_bytree': np.float64(0.9015698781899479), 'model__learning_rate': np.float64(0.0714737322617201), 'model__max_depth': 4, 'model__min_child_weight': 6, 'model__n_estimators': 544, 'model__scale_pos_weight': 5.5, 'model__subsample': np.float64(0.6361159080217633)}",0.723574810288909,0.7084688164954771,0.7384358275552533,0.7527468301689733,0.727292438023856,0.7301037445064937,0.014837341220370672,19,0.9259760401335676,0.9162079874644213,0.9255561175408845,0.9333928376622733,0.923600408596392,0.9249466782795077,0.00549446575347107,19,0.6528925619834711,0.6318758815232722,0.6920821114369502,0.6721311475409836,0.6570605187319885,0.6612084442433331,0.020096005537641497,15,0.7745098039215687,0.7344262295081967,0.7737704918032787,0.8065573770491803,0.7475409836065574,0.7673609771777564,0.024924185497818486,10,0.5642857142857143,0.5544554455445545,0.6259946949602122,0.5761124121779859,0.5861182519280206,0.5813933037792974,0.02472979931557056,34
2.9102792739868164,0.3192476104920504,0.2774531841278076,0.05541831163939041,0.7238915822865458,0.08938872133005675,6,7,352,5.5,0.6968639753109703,"{'model__colsample_bytree': np.float64(0.7238915822865458), 'model__learning_rate': np.float64(0.08938872133005675), 'model__max_depth': 6, 'model__min_child_weight': 7, 'model__n_estimators': 352, 'model__scale_pos_weight': 5.5, 'model__subsample': np.float64(0.6968639753109703)}",0.7217566607193026,0.7029608289894982,0.7363412078098401,0.7580125832259366,0.7255905821989748,0.7289323725887105,0.0180982262711392,20,0.9257109623510421,0.9179455138694673,0.9235587555661341,0.9350430910515407,0.9214463518887666,0.9247409349453901,0.005753345927441471,21,0.6801736613603473,0.6576576576576577,0.6790697674418604,0.6842105263157895,0.6466165413533834,0.6695456308258076,0.014736284614091318,7,0.7679738562091504,0.7180327868852459,0.7180327868852459,0.7672131147540984,0.7049180327868853,0.7352341155041252,0.026852870603680183,13,0.6103896103896104,0.6066481994459834,0.6441176470588236,0.6174142480211082,0.5972222222222222,0.6151583854275495,0.015878275609152604,28
8.085657691955566,0.33891714166273273,0.4521224021911621,0.03169886657861767,0.7790510010086706,0.05970052998322248,8,1,591,3.0,0.8785217091359153,"{'model__colsample_bytree': np.float64(0.7790510010086706), 'model__learning_rate': np.float64(0.05970052998322248), 'model__max_depth': 8, 'model__min_child_weight': 1, 'model__n_estimators': 591, 'model__scale_pos_weight': 3, 'model__subsample': np.float64(0.8785217091359153)}",0.723178083446583,0.7105616301521224,0.7332968320046509,0.7601699362296306,0.7133145024741436,0.7281041968614261,0.017921598149471803,21,0.927360774818402,0.9199984132178949,0.9244771057094403,0.9323534953834558,0.9198754376047523,0.9248130453467891,0.004712171907024097,20,0.6798679867986799,0.657672849915683,0.6689895470383276,0.6734006734006734,0.6313993174061433,0.6622660749119015,0.01704620836312913,14,0.673202614379085,0.639344262295082,0.6295081967213115,0.6557377049180327,0.6065573770491803,0.6408700310725383,0.022694585896924507,27,0.6866666666666666,0.6770833333333334,0.7137546468401487,0.6920415224913494,0.6583629893238434,0.6855818317310683,0.01816426073217421,12
3.0136098861694336,0.17999668529780538,0.21627707481384278,0.014236397083194642,0.8926703255569718,0.12241122229204163,8,3,261,3.0,0.9760533769831113,"{'model__colsample_bytree': np.float64(0.8926703255569718), 'model__learning_rate': np.float64(0.12241122229204163), 'model__max_depth': 8, 'model__min_child_weight': 3, 'model__n_estimators': 261, 'model__scale_pos_weight': 3, 'model__subsample': np.float64(0.9760533769831113)}",0.7164073144814418,0.7089566917306961,0.7397164293107364,0.7589931950002302,0.7151662608592183,0.7278479782764646,0.018758891794555487,22,0.9237782683694946,0.919399402973233,0.9254668610474746,0.9309293584441601,0.9213630458282507,0.9241873873325226,0.003953740126535182,22,0.6838709677419355,0.6525285481239804,0.6769759450171822,0.6808510638297872,0.64,0.6668453049425771,0.017402897846899537,10,0.6928104575163399,0.6557377049180327,0.6459016393442623,0.6819672131147541,0.6295081967213115,0.6611850423229402,0.02323249425979063,21,0.6751592356687898,0.6493506493506493,0.7111913357400722,0.6797385620915033,0.6508474576271186,0.6732574480956266,0.02262009799030002,14
2.1899773120880126,0.19802506309815104,0.18639941215515138,0.005585825275039725,0.6832343922914299,0.15005222620111971,5,1,277,1.0,0.8170160922219597,"{'model__colsample_bytree': np.float64(0.6832343922914299), 'model__learning_rate': np.float64(0.15005222620111971), 'model__max_depth': 5, 'model__min_child_weight': 1, 'model__n_estimators': 277, 'model__scale_pos_weight': 1, 'model__subsample': np.float64(0.8170160922219597)}",0.7137596450712272,0.704258930891834,0.7274851869675334,0.7510833576949367,0.7095527537414966,0.7212279748734056,0.016796022021732797,23,0.921726882843533,0.9181557624983885,0.923144208741186,0.928154473237928,0.9183025398431068,0.9218967734328285,0.003678517158331425,23,0.6300884955752213,0.6268115942028986,0.6307977736549165,0.6465364120781527,0.6178571428571429,0.6304182836736664,0.009282642981934987,37,0.5816993464052288,0.5672131147540984,0.5573770491803278,0.5967213114754099,0.5672131147540984,0.5740447873138327,0.013740262132493781,39,0.6872586872586872,0.7004048582995951,0.7264957264957265,0.7054263565891473,0.6784313725490196,0.6996034002384353,0.016482676131310908,6
3.0163522243499754,0.09857443747057983,0.1754293918609619,0.034620777012630125,0.75440703841938,0.11205086816152654,8,6,379,1.0,0.794696861183782,"{'model__colsample_bytree': np.float64(0.75440703841938), 'model__learning_rate': np.float64(0.11205086816152654), 'model__max_depth': 8, 'model__min_child_weight': 6, 'model__n_estimators': 379, 'model__scale_pos_weight': 1, 'model__subsample': np.float64(0.794696861183782)}",0.7132788127627328,0.7025547214345493,0.7309426385450181,0.7381050975149666,0.7049408905635404,0.7179644321641614,0.014164089038167647,24,0.9201898273433666,0.915121041722452,0.9212023841401129,0.9276804220840399,0.9166483194985767,0.9201683989577096,0.004367306960647005,24,0.6609294320137694,0.6115107913669064,0.6411657559198543,0.6457242582897034,0.6140035906642729,0.6346667656509013,0.019065144153818967,35,0.6274509803921569,0.5573770491803278,0.5770491803278689,0.6065573770491803,0.5606557377049181,0.5858180649308904,0.027137966550486323,33,0.6981818181818182,0.6772908366533864,0.7213114754098361,0.6902985074626866,0.6785714285714286,0.6931308132558313,0.01606589473052033,9
2.2750558376312258,0.1334153811918528,0.2510953426361084,0.045342872927163616,0.8566223936114975,0.15695770551890384,4,7,404,3.0,0.7975182385457563,"{'model__colsample_bytree': np.float64(0.8566223936114975), 'model__learning_rate': np.float64(0.15695770551890384), 'model__max_depth': 4, 'model__min_child_weight': 7, 'model__n_estimators': 404, 'model__scale_pos_weight': 3, 'model__subsample': np.float64(0.7975182385457563)}",0.6977793718011257,0.7062112350194446,0.7161093770214497,0.7425749520039266,0.7237334477852673,0.7172816767262428,0.015398986899432573,25,0.91790501511339,0.9169835272182717,0.9196909741850388,0.924187517975266,0.9199051897692224,0.9197344448522378,0.002480937917919972,26,0.672782874617737,0.658267716535433,0.6655844155844156,0.6646433990895296,0.6583463338533542,0.6639249479360939,0.005382528629516607,13,0.7189542483660131,0.6852459016393443,0.6721311475409836,0.7180327868852459,0.6918032786885245,0.6972334726240222,0.018480904531084825,17,0.632183908045977,0.6333333333333333,0.6591639871382636,0.6186440677966102,0.6279761904761905,0.634260297358075,0.013481253981479228,25
1.4589701175689698,0.12015988617376755,0.234260892868042,0.04436585849831526,0.5465513839029497,0.22711070533754596,7,7,158,1.0,0.7396838298450643,"{'model__colsample_bytree': np.float64(0.5465513839029497), 'model__learning_rate': np.float64(0.22711070533754596), 'model__max_depth': 7, 'model__min_child_weight': 7, 'model__n_estimators': 158, 'model__scale_pos_weight': 1, 'model__subsample': np.float64(0.7396838298450643)}",0.696859256968833,0.7111713649018634,0.7315390574694284,0.7296431834886866,0.7124876115299221,0.7163400948717468,0.012876653863454497,26,0.9150485052778174,0.916576914303849,0.9193398986442931,0.923437763430623,0.9182747711562682,0.9185355705625702,0.0028545547305637263,30,0.6411149825783972,0.6395759717314488,0.6410256410256411,0.6597582037996546,0.6336283185840708,0.6430206235438425,0.008807258757670772,31,0.6013071895424836,0.5934426229508196,0.5737704918032787,0.6262295081967213,0.5868852459016394,0.5963270116789884,0.01746553576491641,31,0.6865671641791045,0.6934865900383141,0.7261410788381742,0.6970802919708029,0.6884615384615385,0.6983473326975869,0.014382112737228498,7
3.3496241092681887,0.8650995711858055,0.4379847526550293,0.13536882067355377,0.9828160165372797,0.17855789220062088,3,5,535,5.5,0.8733054075301833,"{'model__colsample_bytree': np.float64(0.9828160165372797), 'model__learning_rate': np.float64(0.17855789220062088), 'model__max_depth': 3, 'model__min_child_weight': 5, 'model__n_estimators': 535, 'model__scale_pos_weight': 5.5, 'model__subsample': np.float64(0.8733054075301833)}",0.7071420988307908,0.6853370534827695,0.7271891619681489,0.7392584438840331,0.7163774096839505,0.7150608335699384,0.018333376829438516,27,0.919149298137334,0.9141253359515238,0.9224182559281188,0.9258476887526901,0.9192387412850951,0.9201558640109523,0.0038919620682963956,25,0.6441631504922645,0.6239316239316239,0.6874074074074074,0.6638537271448663,0.6380543633762518,0.6514820544704828,0.02207525644175234,25,0.7483660130718954,0.7180327868852459,0.760655737704918,0.7737704918032787,0.7311475409836066,0.746394514089789,0.019967830237320325,11,0.5654320987654321,0.5516372795969773,0.6270270270270271,0.5812807881773399,0.565989847715736,0.5782734082565024,0.026119831990963537,35
3.2347873210906983,0.13444238516132404,0.33128857612609863,0.027457736124883406,0.7816377859881918,0.13152865692632704,7,7,380,1.0,0.8159364365206693,"{'model__colsample_bytree': np.float64(0.7816377859881918), 'model__learning_rate': np.float64(0.13152865692632704), 'model__max_depth': 7, 'model__min_child_weight': 7, 'model__n_estimators': 380, 'model__scale_pos_weight': 1, 'model__subsample': np.float64(0.8159364365206693)}",0.7025500468123663,0.7039109637773945,0.7225957626992506,0.7357415623832131,0.7051200854571033,0.7139836842258656,0.013102093744220767,28,0.9179069933057971,0.9154998859500363,0.9193180803903483,0.9266589311039044,0.9154760842184602,0.9189719949937093,0.00411387709633876,28,0.6447140381282496,0.6142857142857143,0.6335174953959485,0.6596858638743456,0.6145454545454545,0.6333497132459425,0.0175488179797551,36,0.6078431372549019,0.5639344262295082,0.5639344262295082,0.6196721311475409,0.5540983606557377,0.5818964963034393,0.02652634551802666,34,0.6863468634686347,0.6745098039215687,0.7226890756302521,0.7052238805970149,0.689795918367347,0.6957131083969635,0.01667619500121695,8
5.866669607162476,0.188546073605139,0.4053778171539307,0.07574055893802638,0.6625916610133735,0.14424921039779712,8,3,598,5.5,0.6478376983753207,"{'model__colsample_bytree': np.float64(0.6625916610133735), 'model__learning_rate': np.float64(0.14424921039779712), 'model__max_depth': 8, 'model__min_child_weight': 3, 'model__n_estimators': 598, 'model__scale_pos_weight': 5.5, 'model__subsample': np.float64(0.6478376983753207)}",0.7079675123815864,0.6952855945665163,0.7242132553489531,0.7384313989229085,0.7014601910664903,0.7134715904572908,0.015771331209591247,29,0.9180870088148253,0.9113087977150338,0.9147878174803883,0.9260857060684499,0.9160909622841727,0.917272058472574,0.0049289237847740044,33,0.6592,0.6457990115321252,0.6588235294117647,0.6601941747572816,0.6326194398682042,0.6513272311138751,0.010745606848533672,26,0.673202614379085,0.6426229508196721,0.6426229508196721,0.6688524590163935,0.6295081967213115,0.6513618343512269,0.016812253101942225,23,0.64576802507837,0.6490066225165563,0.6758620689655173,0.6517571884984026,0.6357615894039735,0.651631098892564,0.013268463750355054,19
1.9488906383514404,0.17081063260864832,0.26626410484313967,0.02792419602152973,0.6015306123673847,0.2569874047433389,5,3,235,3.0,0.8497416192535173,"{'model__colsample_bytree': np.float64(0.6015306123673847), 'model__learning_rate': np.float64(0.2569874047433389), 'model__max_depth': 5, 'model__min_child_weight': 3, 'model__n_estimators': 235, 'model__scale_pos_weight': 3, 'model__subsample': np.float64(0.8497416192535173)}",0.6936840950107839,0.7018940046524444,0.7187135741651648,0.7400519361690872,0.713003522917337,0.7134694265829634,0.01587323347195862,30,0.9152285207868458,0.9173683218787501,0.9165332777959597,0.9250999176856783,0.9197643628573979,0.9187988802009264,0.0034802915929688745,29,0.6624605678233438,0.618657937806874,0.6460481099656358,0.6489028213166145,0.6504065040650406,0.6452951881955017,0.0144492271342178,29,0.6862745098039216,0.6196721311475409,0.6163934426229508,0.6786885245901639,0.6557377049180327,0.6513532626165219,0.029023495625868832,24,0.6402439024390244,0.6176470588235294,0.6787003610108303,0.6216216216216216,0.6451612903225806,0.6406748468435172,0.02172352654754239,22
4.429995059967041,1.2985284448591692,0.4901451587677002,0.06478425719402298,0.73338144662399,0.20530446346089687,7,9,316,3.0,0.9795542149013333,"{'model__colsample_bytree': np.float64(0.73338144662399), 'model__learning_rate': np.float64(0.20530446346089687), 'model__max_depth': 7, 'model__min_child_weight': 9, 'model__n_estimators': 316, 'model__scale_pos_weight': 3, 'model__subsample': np.float64(0.9795542149013333)}",0.7032098112893167,0.6993066530281733,0.7251211628762018,0.7386319806425435,0.6981851473738057,0.7128909510420082,0.01616599497322962,31,0.9196497808162815,0.9135560778713318,0.91891047573711,0.9278014142195512,0.9155772415776581,0.9190989980443864,0.004882574776974258,27,0.6719492868462758,0.6514657980456026,0.6677852348993288,0.6698717948717948,0.6133333333333333,0.6548810895992669,0.02200200824872886,20,0.6928104575163399,0.6557377049180327,0.6524590163934426,0.6852459016393443,0.6032786885245902,0.6579063537983499,0.03157310776131217,22,0.6523076923076923,0.6472491909385113,0.6838487972508591,0.6551724137931034,0.6237288135593221,0.6524613815698976,0.01921078121729726,17
5.18947548866272,1.068459173848867,0.5395677566528321,0.10244489516310999,0.9849549260809971,0.19057174434080473,8,2,341,1.0,0.8469926038510867,"{'model__colsample_bytree': np.float64(0.9849549260809971), 'model__learning_rate': np.float64(0.19057174434080473), 'model__max_depth': 8, 'model__min_child_weight': 2, 'model__n_estimators': 341, 'model__scale_pos_weight': 1, 'model__subsample': np.float64(0.8469926038510867)}",0.6962137305995157,0.7003759010970976,0.7236207382281552,0.7418578662690604,0.701325166175851,0.712678680473936,0.017449978528595447,32,0.9185024292202757,0.9122906191425426,0.9184493171878254,0.9246338004423156,0.9145498001646286,0.9176851932315175,0.0042063528510388765,32,0.6373239436619719,0.6252285191956124,0.6460980036297641,0.6573426573426573,0.6079136690647482,0.6347813585789508,0.017068525865646257,34,0.5915032679738562,0.5606557377049181,0.5836065573770491,0.6163934426229508,0.5540983606557377,0.5812514732669024,0.022392318209219053,35,0.6908396946564885,0.7066115702479339,0.7235772357723578,0.704119850187266,0.6733067729083665,0.6996910247544824,0.016807940453335713,5
4.7592113494873045,0.2960440833482084,0.40736098289489747,0.08210943904644917,0.8049983288913105,0.19096037042607095,5,1,569,3.0,0.8650089137415928,"{'model__colsample_bytree': np.float64(0.8049983288913105), 'model__learning_rate': np.float64(0.19096037042607095), 'model__max_depth': 5, 'model__min_child_weight': 1, 'model__n_estimators': 569, 'model__scale_pos_weight': 3, 'model__subsample': np.float64(0.8650089137415928)}",0.7074413241840956,0.7039133045118731,0.7181657889861257,0.7390137143182325,0.6936737396214863,0.7124415743243626,0.01541953802318418,33,0.9175014638623812,0.9132129362411116,0.9180109686313013,0.9233356143326095,0.911981196632055,0.9168084359398918,0.004018962248259426,37,0.6722129783693843,0.6450511945392492,0.6666666666666666,0.6557377049180327,0.609715242881072,0.6498767574748809,0.02214223038251709,28,0.6601307189542484,0.6196721311475409,0.6360655737704918,0.6557377049180327,0.5967213114754099,0.6336654880531447,0.023469289873894583,28,0.6847457627118644,0.6725978647686833,0.7003610108303249,0.6557377049180327,0.6232876712328768,0.6673460028923565,0.02644319804625036,15
2.9427749633789064,0.0610681947797104,0.23819093704223632,0.025531521991570303,0.8629778394351197,0.2270458304660794,8,8,310,5.5,0.9742539976883791,"{'model__colsample_bytree': np.float64(0.8629778394351197), 'model__learning_rate': np.float64(0.2270458304660794), 'model__max_depth': 8, 'model__min_child_weight': 8, 'model__n_estimators': 310, 'model__scale_pos_weight': 5.5, 'model__subsample': np.float64(0.9742539976883791)}",0.7036393680201456,0.696898794239893,0.7214992692270603,0.7415005836647761,0.6977007659810353,0.7122477562265821,0.01710338161132091,34,0.916890202408647,0.9149702974224708,0.9161345987920622,0.9282397627760752,0.9161226979262742,0.9184715118651059,0.004922516788397344,31,0.6751592356687898,0.6517571884984026,0.6622296173044925,0.6752827140549273,0.6410256410256411,0.6610908793104506,0.013344325534547853,16,0.6928104575163399,0.6688524590163935,0.6524590163934426,0.6852459016393443,0.6557377049180327,0.6710211078967105,0.01587423824577017,19,0.6583850931677019,0.6355140186915887,0.6722972972972973,0.6656050955414012,0.6269592476489029,0.6517521504693784,0.01752922147778888,18
3.3681618213653564,0.15805291688995254,0.30793004035949706,0.0392945997848018,0.855574766219009,0.1790923768206073,6,7,457,1.0,0.8763750952409863,"{'model__colsample_bytree': np.float64(0.855574766219009), 'model__learning_rate': np.float64(0.1790923768206073), 'model__max_depth': 6, 'model__min_child_weight': 7, 'model__n_estimators': 457, 'model__scale_pos_weight': 1, 'model__subsample': np.float64(0.8763750952409863)}",0.6974985654910558,0.6952067751998109,0.7254095485607853,0.7364933806933326,0.6949387347326235,0.7099094009355216,0.017557217562479886,35,0.9166488629350045,0.9153848442474191,0.9167018733946228,0.9237908224489998,0.9136869873949998,0.9172426780842091,0.003453049771094981,34,0.6300884955752213,0.6200716845878136,0.6410256410256411,0.6411149825783972,0.6102292768959435,0.6285060161326033,0.012028370040966721,38,0.5816993464052288,0.5672131147540984,0.5737704918032787,0.6032786885245902,0.5672131147540984,0.5786349512482589,0.013425974587443788,37,0.6872586872586872,0.6837944664031621,0.7261410788381742,0.6840148698884758,0.6603053435114504,0.68830288917999,0.02123861814291199,11
2.994732713699341,0.2153421398806334,0.27440242767333983,0.037566875907377874,0.855670976374325,0.16996071209122482,5,5,380,3.0,0.6463476238100518,"{'model__colsample_bytree': np.float64(0.855670976374325), 'model__learning_rate': np.float64(0.16996071209122482), 'model__max_depth': 5, 'model__min_child_weight': 5, 'model__n_estimators': 380, 'model__scale_pos_weight': 3, 'model__subsample': np.float64(0.6463476238100518)}",0.7064583583046089,0.6900077091873904,0.7117296507406795,0.7482151953841184,0.687100349674435,0.7087022526582464,0.02187053274149293,36,0.9168447039832882,0.9100929259270278,0.914047980323902,0.9259964495750399,0.9150258347961482,0.9164015789210811,0.005281838762027177,38,0.6561014263074485,0.632952691680261,0.6576271186440678,0.6421725239616614,0.6276422764227643,0.6432992074032405,0.012022022627720105,30,0.6764705882352942,0.6360655737704918,0.6360655737704918,0.659016393442623,0.6327868852459017,0.6480810028929606,0.017018827403669792,26,0.6369230769230769,0.6298701298701299,0.6807017543859649,0.6261682242990654,0.6225806451612903,0.6392487661279055,0.021263323893266,23
5.489982843399048,0.2537175956803819,0.3816222667694092,0.04770077811306151,0.9037200775820313,0.22642018495527916,8,1,534,1.0,0.8590760482165449,"{'model__colsample_bytree': np.float64(0.9037200775820313), 'model__learning_rate': np.float64(0.22642018495527916), 'model__max_depth': 8, 'model__min_child_weight': 1, 'model__n_estimators': 534, 'model__scale_pos_weight': 1, 'model__subsample': np.float64(0.8590760482165449)}",0.7007181730472755,0.6920276506268886,0.723967276082748,0.7397157193185036,0.6851110759363536,0.7083079790023539,0.020456834042054853,37,0.9146133029482979,0.9124512808306804,0.9186714666825344,0.9234357799529916,0.9103111084664742,0.9158965877761958,0.004674482017104356,39,0.6445993031358885,0.6025408348457351,0.648936170212766,0.647787610619469,0.5985401459854015,0.6284808129598519,0.022892382161778333,39,0.6045751633986928,0.5442622950819672,0.6,0.6,0.5377049180327869,0.5773084753026894,0.02977843058830651,38,0.6902985074626866,0.6747967479674797,0.7065637065637066,0.7038461538461539,0.6748971193415638,0.6900804470363181,0.013604153601633993,10
4.651315641403198,0.12710525616128918,0.3655261516571045,0.08172080532930052,0.8875664116805573,0.2546633740246392,8,4,419,5.5,0.9687496940092467,"{'model__colsample_bytree': np.float64(0.8875664116805573), 'model__learning_rate': np.float64(0.2546633740246392), 'model__max_depth': 8, 'model__min_child_weight': 4, 'model__n_estimators': 419, 'model__scale_pos_weight': 5.5, 'model__subsample': np.float64(0.9687496940092467)}",0.7058227826396122,0.6919492816505374,0.7079640821949953,0.7350162542739969,0.6995916994178557,0.7080688200353995,0.014580267197465527,38,0.9163481776891548,0.9117213610623506,0.9125107851596204,0.927884720280067,0.9164321204367617,0.9169794329255909,0.005783415236570258,35,0.6592,0.6343042071197411,0.6666666666666666,0.6558966074313409,0.6356073211314476,0.6503349604698393,0.013039431609917728,27,0.673202614379085,0.6426229508196721,0.6426229508196721,0.6655737704918033,0.6262295081967213,0.6500503589413908,0.017057367622401114,25,0.64576802507837,0.6261980830670927,0.6925795053003534,0.6464968152866242,0.6452702702702703,0.651262539800542,0.022018754486817387,20
2.739287090301514,0.2810101247880196,0.2835343837738037,0.05595489258998193,0.6933676731502687,0.2527609316815783,3,9,583,5.5,0.8165791895310264,"{'model__colsample_bytree': np.float64(0.6933676731502687), 'model__learning_rate': np.float64(0.2527609316815783), 'model__max_depth': 3, 'model__min_child_weight': 9, 'model__n_estimators': 583, 'model__scale_pos_weight': 5.5, 'model__subsample': np.float64(0.8165791895310264)}",0.696426569451782,0.6845535562416601,0.7203225150780231,0.7272661125417766,0.7110586225876439,0.7079254751801771,0.01559509469209935,39,0.9141543623098956,0.9097894538494342,0.9185802267114932,0.9223706524649667,0.9192347743298325,0.9168258939331244,0.004388013347851526,36,0.6402266288951841,0.6317365269461078,0.6829268292682927,0.6590257879656161,0.6547619047619048,0.653735535567421,0.01759328719648699,22,0.738562091503268,0.6918032786885245,0.7344262295081967,0.7540983606557377,0.7213114754098361,0.7280402871531126,0.020923238330395697,15,0.565,0.581267217630854,0.6381766381766382,0.5852417302798982,0.5994550408719346,0.5938281253918649,0.02474274100599836,32
2.8189674854278564,0.4698165636940316,0.3644870281219482,0.0736659529324594,0.6872700594236812,0.262516606324193,5,8,338,1.0,0.6624074561769746,"{'model__colsample_bytree': np.float64(0.6872700594236812), 'model__learning_rate': np.float64(0.262516606324193), 'model__max_depth': 5, 'model__min_child_weight': 8, 'model__n_estimators': 338, 'model__scale_pos_weight': 1, 'model__subsample': np.float64(0.6624074561769746)}",0.6852284907092518,0.6949037592982705,0.7106636124128342,0.709096180214345,0.6739944518077401,0.6947772988884883,0.014003769367414189,40,0.9106430707876371,0.9083673003877699,0.9125583886227723,0.9157517876092154,0.9102654884809538,0.9115172071776698,0.002500742175515091,40,0.6301369863013698,0.6289752650176679,0.6185185185185185,0.6236933797909407,0.6032315978456014,0.6209111494948196,0.009758873489022412,40,0.6013071895424836,0.5836065573770491,0.5475409836065573,0.5868852459016394,0.5508196721311476,0.5740319297117754,0.021172624581647276,40,0.6618705035971223,0.6819923371647509,0.7106382978723405,0.6654275092936803,0.6666666666666666,0.6773190629189121,0.018030815226794693,13
