mean_fit_time,std_fit_time,mean_score_time,std_score_time,param_model__class_weight,param_model__criterion,param_model__max_depth,param_model__min_samples_leaf,param_model__min_samples_split,params,split0_test_pr_auc,split1_test_pr_auc,split2_test_pr_auc,split3_test_pr_auc,split4_test_pr_auc,mean_test_pr_auc,std_test_pr_auc,rank_test_pr_auc,split0_test_roc_auc,split1_test_roc_auc,split2_test_roc_auc,split3_test_roc_auc,split4_test_roc_auc,mean_test_roc_auc,std_test_roc_auc,rank_test_roc_auc,split0_test_f1,split1_test_f1,split2_test_f1,split3_test_f1,split4_test_f1,mean_test_f1,std_test_f1,rank_test_f1,split0_test_recall,split1_test_recall,split2_test_recall,split3_test_recall,split4_test_recall,mean_test_recall,std_test_recall,rank_test_recall,split0_test_precision,split1_test_precision,split2_test_precision,split3_test_precision,split4_test_precision,mean_test_precision,std_test_precision,rank_test_precision
0.42779040336608887,0.03861665903730742,0.16867990493774415,0.012795273626169704,,gini,6,19,18,"{'model__class_weight': None, 'model__criterion': 'gini', 'model__max_depth': 6, 'model__min_samples_leaf': 19, 'model__min_samples_split': 18}",0.7006372748105006,0.6627157758288025,0.7179431650210925,0.7264773934139994,0.7000613637922557,0.70156699457333,0.02191463177768147,1,0.9220206444159585,0.8929527039758809,0.9171719575932482,0.9204803982823083,0.9088859797883628,0.9123023368111518,0.010687555238276322,3,0.6722408026755853,0.605072463768116,0.676416819012797,0.6440677966101694,0.6491228070175439,0.6493841378168422,0.025475671593581266,1,0.6568627450980392,0.5475409836065573,0.6065573770491803,0.5606557377049181,0.6065573770491803,0.5956348441015751,0.03879179452935566,23,0.6883561643835616,0.6761133603238867,0.7644628099173554,0.7566371681415929,0.6981132075471698,0.7167365420627133,0.036530463794193654,1
0.42193241119384767,0.014703503854329872,0.1554798126220703,0.0057261202742668,,gini,6,1,28,"{'model__class_weight': None, 'model__criterion': 'gini', 'model__max_depth': 6, 'model__min_samples_leaf': 1, 'model__min_samples_split': 28}",0.6791486838301878,0.652544082513474,0.6809626783227425,0.7062211537127812,0.675066181126751,0.6787885559011873,0.017088196982019917,2,0.9133007722863157,0.9010879374807851,0.907444983289201,0.9100592068072952,0.9015897573215117,0.9066965314370219,0.004754350240550963,7,0.6116322701688556,0.6035714285714285,0.6431095406360424,0.6518518518518519,0.6521739130434783,0.6324678008543314,0.020719259573280562,5,0.5326797385620915,0.5540983606557377,0.5967213114754099,0.5770491803278689,0.639344262295082,0.579978570663238,0.03666101697643555,24,0.7180616740088106,0.6627450980392157,0.6973180076628352,0.7489361702127659,0.6655290102389079,0.698517992032507,0.032537243347058036,3
0.46280927658081056,0.04533797905592227,0.15294981002807617,0.0075519758182345745,,entropy,10,19,8,"{'model__class_weight': None, 'model__criterion': 'entropy', 'model__max_depth': 10, 'model__min_samples_leaf': 19, 'model__min_samples_split': 8}",0.6843612721616636,0.6598464617743738,0.6748321779923918,0.7003647465036578,0.6711437497822349,0.6781096816428642,0.01361750148010629,3,0.90464024592888,0.8989636329376296,0.8973342060634911,0.9077256453740343,0.8843255680184068,0.8985978596644884,0.008065430218766616,12,0.6011342155009451,0.5873873873873874,0.5988909426987061,0.6373239436619719,0.6384479717813051,0.6126368922060631,0.021139832219087076,16,0.5196078431372549,0.5344262295081967,0.5311475409836065,0.5934426229508196,0.5934426229508196,0.5544133719061394,0.03224523052127403,30,0.7130044843049327,0.652,0.6864406779661016,0.688212927756654,0.6908396946564885,0.6860995569368352,0.01956377522540583,8
0.44478645324707033,0.059659868670333474,0.15734438896179198,0.008532864377404326,balanced,entropy,6,2,25,"{'model__class_weight': 'balanced', 'model__criterion': 'entropy', 'model__max_depth': 6, 'model__min_samples_leaf': 2, 'model__min_samples_split': 25}",0.7032441098852596,0.6313909406197437,0.698522908234801,0.6858771095882291,0.6657721091908062,0.6769614355037679,0.02621845285545185,4,0.9229197328648975,0.8952922158420359,0.9097686273343051,0.9115706167623696,0.8894350063967154,0.9057972398400647,0.012003014451009214,8,0.6231386025200458,0.6189320388349514,0.6396965865992414,0.6175115207373272,0.6136919315403423,0.6225941360463817,0.009069547266397658,9,0.8888888888888888,0.8360655737704918,0.8295081967213115,0.8786885245901639,0.8229508196721311,0.8512204007285973,0.027105979505816117,1,0.47971781305114636,0.4913294797687861,0.5205761316872428,0.47602131438721135,0.48927875243664715,0.4913846982662068,0.01567627262412241,26
0.4295066833496094,0.01269863196110199,0.11266603469848632,0.01747544745039296,,entropy,8,11,27,"{'model__class_weight': None, 'model__criterion': 'entropy', 'model__max_depth': 8, 'model__min_samples_leaf': 11, 'model__min_samples_split': 27}",0.6792386214393337,0.6234767498499828,0.6724805595595227,0.7245110576595523,0.6736330610808756,0.6746680099178535,0.03203629523950373,5,0.9083404548259983,0.8854878859103665,0.901657195560977,0.9181924568345682,0.8961342020965359,0.9019624390456892,0.011041421858168496,9,0.6102941176470589,0.5851063829787234,0.5886939571150097,0.6376811594202898,0.6070763500931099,0.6057703934508383,0.018756719301814745,18,0.5424836601307189,0.5409836065573771,0.49508196721311476,0.5770491803278689,0.5344262295081967,0.5380049287474553,0.026109664313801233,39,0.6974789915966386,0.637065637065637,0.7259615384615384,0.7125506072874493,0.7025862068965517,0.695128596261563,0.030615827077167587,4
0.40453324317932127,0.02702736473377073,0.16342873573303224,0.02086627809058197,balanced,gini,6,11,25,"{'model__class_weight': 'balanced', 'model__criterion': 'gini', 'model__max_depth': 6, 'model__min_samples_leaf': 11, 'model__min_samples_split': 25}",0.6846666391188156,0.6640992239823889,0.6510022019163494,0.7175514375717491,0.6228769059422022,0.6680392817063011,0.03185388177369448,6,0.8990023975691972,0.9087679628692987,0.8897126932651018,0.920511142185594,0.8848065613440044,0.9005601514466394,0.01291262751790296,10,0.6313253012048192,0.6109785202863962,0.5804195804195804,0.6367924528301887,0.6153846153846154,0.61498009402512,0.01976638624019964,12,0.8562091503267973,0.839344262295082,0.8163934426229508,0.8852459016393442,0.8131147540983606,0.842061502196507,0.02671776638593914,3,0.5,0.4803001876172608,0.45027124773960214,0.4972375690607735,0.49500998003992014,0.48456379689151136,0.018450912720809027,34
0.4276605129241943,0.01903692516439566,0.1551969528198242,0.0030574919295236294,,entropy,4,4,15,"{'model__class_weight': None, 'model__criterion': 'entropy', 'model__max_depth': 4, 'model__min_samples_leaf': 4, 'model__min_samples_split': 15}",0.6883460175464271,0.6337285002010284,0.6649337355986344,0.6970681399054647,0.6521974083714338,0.6672547603245976,0.023193964105876503,7,0.9274794663628163,0.906039689387403,0.9153600507770274,0.9226106532583579,0.9010145488084258,0.9145008817188061,0.00988355377680183,1,0.6678445229681979,0.5893186003683242,0.6277372262773723,0.6422018348623854,0.6412478336221837,0.6336700036196927,0.02569185957442881,4,0.6176470588235294,0.5245901639344263,0.5639344262295082,0.5737704918032787,0.6065573770491803,0.5772999035679847,0.033025148223272495,25,0.7269230769230769,0.6722689075630253,0.7078189300411523,0.7291666666666666,0.6801470588235294,0.70326492800349,0.02343730432111748,2
0.49936699867248535,0.0308754035759278,0.1601496696472168,0.011013803958896527,,gini,20,18,27,"{'model__class_weight': None, 'model__criterion': 'gini', 'model__max_depth': 20, 'model__min_samples_leaf': 18, 'model__min_samples_split': 27}",0.6712094844093432,0.6430817968398931,0.692369778738212,0.6751543418789443,0.6442498678284297,0.6652130539389645,0.018981684850422828,8,0.8915436230989571,0.8793847252387611,0.8872323544871222,0.8880812829133319,0.8663225332976308,0.8825129038071606,0.009019396320258997,17,0.6179159049360147,0.6118067978533095,0.6358595194085028,0.6254416961130742,0.6098003629764065,0.6201648562574615,0.009555157074511387,11,0.5522875816993464,0.5606557377049181,0.5639344262295082,0.580327868852459,0.5508196721311476,0.5616050573234759,0.010583106581165415,29,0.7012448132780082,0.6732283464566929,0.7288135593220338,0.6781609195402298,0.6829268292682927,0.6928748935730515,0.02031302577426594,6
0.45140781402587893,0.016750265118243495,0.1660923957824707,0.02485176441219569,balanced,gini,6,10,29,"{'model__class_weight': 'balanced', 'model__criterion': 'gini', 'model__max_depth': 6, 'model__min_samples_leaf': 10, 'model__min_samples_split': 29}",0.6857873968665048,0.6493093011074742,0.6532161547650699,0.7166620069083942,0.6202973967765603,0.6650544512848007,0.03311931091307741,9,0.9009261896849136,0.9046066267987662,0.8947755199190741,0.9205637043428243,0.8787123263217398,0.8999168734134635,0.013604193961391325,11,0.6260454002389486,0.6111771700356718,0.5810968494749125,0.6392479435957696,0.6169154228855721,0.6148965572461749,0.019378424199810874,13,0.8562091503267973,0.8426229508196721,0.8163934426229508,0.8918032786885246,0.8131147540983606,0.844028715311261,0.028817110789569677,2,0.4934086629001883,0.47947761194029853,0.45108695652173914,0.4981684981684982,0.4969939879759519,0.4838271435013352,0.01767305309989231,35
0.4103233814239502,0.034577738204375534,0.18211650848388672,0.023909957124453374,balanced,entropy,4,8,5,"{'model__class_weight': 'balanced', 'model__criterion': 'entropy', 'model__max_depth': 4, 'model__min_samples_leaf': 8, 'model__min_samples_split': 5}",0.6822436398329944,0.6259069646615134,0.6753634587970021,0.6850669959518745,0.6471592426788999,0.6631480603844568,0.02296448715529348,10,0.9245438288309674,0.9069005186794006,0.9176727856951593,0.9222318090307737,0.9000614878065712,0.9142820860085743,0.009345707631904277,2,0.6582597730138714,0.6375321336760925,0.6445012787723785,0.619815668202765,0.6262626262626263,0.6372742959855467,0.013555416339799904,3,0.8529411764705882,0.8131147540983606,0.8262295081967214,0.8819672131147541,0.8131147540983606,0.8374734811957569,0.026578426881997828,4,0.5359342915811088,0.5243128964059197,0.5283018867924528,0.477797513321492,0.5092402464065708,0.5151173669015089,0.0205866252566235,20
0.420012903213501,0.017194179726388103,0.16617827415466307,0.008795560855218761,balanced,entropy,10,15,12,"{'model__class_weight': 'balanced', 'model__criterion': 'entropy', 'model__max_depth': 10, 'model__min_samples_leaf': 15, 'model__min_samples_split': 12}",0.6885981137340293,0.64457542535837,0.6602872951399128,0.6685612092539528,0.6317637571541881,0.6587571601280906,0.019589326735335772,11,0.9072366234629445,0.8937758471928832,0.8879592990390051,0.9016681046879493,0.8766832287048884,0.8934646206175341,0.01066757475209415,13,0.631578947368421,0.6069142125480154,0.6179921773142112,0.6251497005988024,0.622107969151671,0.6207486013962242,0.008215864376756822,10,0.8431372549019608,0.7770491803278688,0.7770491803278688,0.8557377049180328,0.7934426229508197,0.8092831886853101,0.03356517835549683,10,0.5048923679060665,0.49789915966386555,0.512987012987013,0.49245283018867925,0.5116279069767442,0.5039718555444737,0.007877831055068122,22
0.47165708541870116,0.036844939484591784,0.1836782932281494,0.026946434180095093,,gini,8,7,13,"{'model__class_weight': None, 'model__criterion': 'gini', 'model__max_depth': 8, 'model__min_samples_leaf': 7, 'model__min_samples_split': 13}",0.6493041828458683,0.6430671185136506,0.7164258705038574,0.6672871336050574,0.6157004538226535,0.6583569518582175,0.03342770082987819,12,0.885110541391698,0.8727390834349865,0.9145547588587069,0.8624775619092955,0.8750448761814089,0.8819853643552191,0.017803093175338902,18,0.6074600355239786,0.5774647887323944,0.6049149338374291,0.6037735849056604,0.6040515653775322,0.5995329816753989,0.011110436949031558,25,0.5588235294117647,0.5377049180327869,0.5245901639344263,0.5245901639344263,0.5377049180327869,0.5366827386692382,0.01252808878832603,40,0.6653696498054474,0.623574144486692,0.7142857142857143,0.7111111111111111,0.6890756302521008,0.6806832499882132,0.03353019137319192,9
0.3643916130065918,0.020633112453837997,0.1861567974090576,0.04604926103796177,,gini,4,15,22,"{'model__class_weight': None, 'model__criterion': 'gini', 'model__max_depth': 4, 'model__min_samples_leaf': 15, 'model__min_samples_split': 22}",0.6844776766447482,0.6311694619024539,0.6521376566076198,0.6884926643784925,0.6345608945192114,0.6581676708105052,0.02422546546216748,13,0.9221670306540697,0.898034373667351,0.9110727638769054,0.9143683119613619,0.8975107355726797,0.9086306431464737,0.009571330682523256,5,0.6408450704225352,0.5814814814814815,0.6227106227106227,0.6422018348623854,0.6366782006920415,0.6247834420338132,0.022725395338200994,8,0.5947712418300654,0.5147540983606558,0.5573770491803278,0.5737704918032787,0.6032786885245902,0.5687903139397835,0.03143066646979479,27,0.6946564885496184,0.6680851063829787,0.7053941908713693,0.7291666666666666,0.673992673992674,0.6942590252926614,0.022083896132282368,5
0.3926506042480469,0.02581250680757489,0.16988787651062012,0.007445352727640903,,gini,4,2,21,"{'model__class_weight': None, 'model__criterion': 'gini', 'model__max_depth': 4, 'model__min_samples_leaf': 2, 'model__min_samples_split': 21}",0.6786198014833337,0.6326545054964816,0.6502205799041649,0.6875978886160374,0.6345608945192114,0.6567307340038457,0.02256307238515792,14,0.9211007849467471,0.8986462765166165,0.9103815219223865,0.9141402120337588,0.8975107355726797,0.9083559061984378,0.009076209361034523,6,0.6385964912280702,0.5893186003683242,0.6193078324225865,0.6422018348623854,0.6366782006920415,0.6252205919146816,0.01960850741485421,7,0.5947712418300654,0.5245901639344263,0.5573770491803278,0.5737704918032787,0.6032786885245902,0.5707575270545376,0.0281205441016536,26,0.6893939393939394,0.6722689075630253,0.6967213114754098,0.7291666666666666,0.673992673992674,0.6923086998183431,0.020608477701386584,7
0.4770380973815918,0.030963872248222744,0.20882883071899414,0.01720262289717875,,gini,10,7,27,"{'model__class_weight': None, 'model__criterion': 'gini', 'model__max_depth': 10, 'model__min_samples_leaf': 7, 'model__min_samples_split': 27}",0.6576835846191902,0.6281796319882764,0.6863725292289331,0.6748497819657855,0.6291807352707806,0.6552532526145931,0.02354186461487555,15,0.8946790580639035,0.8692888240952863,0.8959745321472137,0.8774091815179554,0.8723443713863517,0.8819391934421421,0.011241960203401466,19,0.6086956521739131,0.6003372681281619,0.5855513307984791,0.6055363321799307,0.588021778584392,0.5976284723729753,0.009279010767038626,28,0.5261437908496732,0.5836065573770491,0.5049180327868853,0.5737704918032787,0.5311475409836065,0.5439172827600987,0.02988764770936965,35,0.7219730941704036,0.6180555555555556,0.6968325791855203,0.6410256410256411,0.6585365853658537,0.6672846910605947,0.03755921716943029,10
0.41751885414123535,0.05729201486890723,0.15985336303710937,0.016390659685879137,balanced,gini,4,14,8,"{'model__class_weight': 'balanced', 'model__criterion': 'gini', 'model__max_depth': 4, 'model__min_samples_leaf': 14, 'model__min_samples_split': 8}",0.6808424435931848,0.6146089204845185,0.6597601392379953,0.669882628877519,0.6183894691475442,0.6486967202681525,0.02714810142744041,16,0.9223391333934704,0.9029008360358217,0.9192813860541688,0.916372616107822,0.8890115339224262,0.9099811011027418,0.012409034027547946,4,0.660759493670886,0.631578947368421,0.6594594594594595,0.6222222222222222,0.6135552913198573,0.6375150828081693,0.019313410884626833,2,0.8529411764705882,0.8065573770491803,0.8,0.8721311475409836,0.8459016393442623,0.8355062680810029,0.027756638610338728,5,0.5392561983471075,0.5189873417721519,0.5609195402298851,0.48363636363636364,0.48134328358208955,0.5168285455135195,0.03102450831229142,19
0.5235251426696778,0.014698776997967494,0.16716594696044923,0.010031488115839182,balanced,gini,8,12,26,"{'model__class_weight': 'balanced', 'model__criterion': 'gini', 'model__max_depth': 8, 'model__min_samples_leaf': 12, 'model__min_samples_split': 26}",0.6706661805168475,0.6245147033865868,0.6236435680216619,0.6822264836491457,0.6273673079511526,0.6456836487050789,0.025412136559203848,17,0.890183615819209,0.8953070919242707,0.8899883966558567,0.8920016264516578,0.8751728104886298,0.8885307082679248,0.0069463233496240015,14,0.6224366706875754,0.600715137067938,0.6042983565107459,0.6236297198538368,0.6140127388535032,0.6130185245947197,0.00927040537077825,15,0.8431372549019608,0.8262295081967214,0.7836065573770492,0.839344262295082,0.7901639344262295,0.8164963034394086,0.024906360020850508,7,0.4933078393881453,0.47191011235955055,0.49176954732510286,0.49612403100775193,0.5020833333333333,0.4910389726827768,0.01019245321841802,28
0.4880859851837158,0.03415564411971413,0.15847859382629395,0.007978366519295703,,entropy,20,15,20,"{'model__class_weight': None, 'model__criterion': 'entropy', 'model__max_depth': 20, 'model__min_samples_leaf': 15, 'model__min_samples_split': 20}",0.6521262136599695,0.6386592049919474,0.6351692365765308,0.6652555046685064,0.6306932047392606,0.6443806729272429,0.012654521261930451,18,0.8843242099099526,0.8863933434490694,0.861892436008053,0.8928882409528626,0.862177065048149,0.8775350590736173,0.01296797287034271,21,0.6232876712328768,0.5821428571428572,0.600375234521576,0.5899280575539568,0.603448275862069,0.5998364192626672,0.013960908431662651,24,0.5947712418300654,0.5344262295081967,0.5245901639344263,0.5377049180327869,0.5737704918032787,0.5530526090217508,0.026691869185835392,32,0.6546762589928058,0.6392156862745098,0.7017543859649122,0.6533864541832669,0.6363636363636364,0.6570792843558262,0.023509667958131513,12
0.47876954078674316,0.036201646582575304,0.1235532283782959,0.017651431548342065,balanced,entropy,8,2,11,"{'model__class_weight': 'balanced', 'model__criterion': 'entropy', 'model__max_depth': 8, 'model__min_samples_leaf': 2, 'model__min_samples_split': 11}",0.6808792984558167,0.6283722523494104,0.648939052953773,0.6588812906979785,0.5979606959468088,0.6430065180807575,0.028159682861227366,19,0.903710495497634,0.8912726984221434,0.8871282219114774,0.8883778128192161,0.8541876171491477,0.8849353691599238,0.016460561268853195,16,0.6531645569620254,0.6363636363636364,0.6182728410513142,0.6194477791116446,0.5994694960212201,0.6253436619019681,0.018164098879285346,6,0.8431372549019608,0.8262295081967214,0.8098360655737705,0.8459016393442623,0.740983606557377,0.8132176149148185,0.03837167318732186,8,0.5330578512396694,0.5174537987679672,0.5,0.48863636363636365,0.5033407572383074,0.5084977541764615,0.015340732577873979,21
0.496962833404541,0.02760370299711107,0.15726561546325685,0.00570437535162339,balanced,gini,10,15,12,"{'model__class_weight': 'balanced', 'model__criterion': 'gini', 'model__max_depth': 10, 'model__min_samples_leaf': 15, 'model__min_samples_split': 12}",0.6660702155701761,0.6272488319572147,0.6127327890451068,0.675563891358505,0.6274564162420464,0.6418144288346099,0.024459845958887318,20,0.897380279795534,0.8959834577965546,0.8731129689684924,0.8923556772088501,0.8710332926720419,0.8859731352882946,0.011486070860546206,15,0.6254545454545455,0.5969447708578144,0.6032953105196451,0.6276849642004774,0.5987261146496815,0.6104211411364328,0.013365676148776602,17,0.8431372549019608,0.8327868852459016,0.780327868852459,0.8622950819672132,0.7704918032786885,0.8178077788492446,0.036023940156007704,6,0.49710982658959535,0.4652014652014652,0.49173553719008267,0.49343339587242024,0.4895833333333333,0.48741271163737937,0.011375592860132788,32
0.5483130931854248,0.025766611995312088,0.1793981075286865,0.019292237801006133,,entropy,,14,19,"{'model__class_weight': None, 'model__criterion': 'entropy', 'model__max_depth': None, 'model__min_samples_leaf': 14, 'model__min_samples_split': 19}",0.6615045961758743,0.6356908353346762,0.6226732439200651,0.6496049979011822,0.6236734134535324,0.638629417357066,0.015037645840285751,21,0.8851738435487189,0.8802128271498417,0.8596739162774091,0.8852697033709201,0.8573413465829639,0.8735343273859707,0.012426772457013239,24,0.6239168110918544,0.5771324863883848,0.5875912408759124,0.5804066543438078,0.5906735751295337,0.5919441535658986,0.016705163396979042,31,0.5882352941176471,0.521311475409836,0.5278688524590164,0.5147540983606558,0.5606557377049181,0.5425650916104147,0.02776395456523769,37,0.6642066420664207,0.6463414634146342,0.6625514403292181,0.6652542372881356,0.6240875912408759,0.652488274867857,0.01578568558498752,13
0.5034711837768555,0.0491572993585725,0.16334810256958007,0.012720912139159735,,entropy,,13,10,"{'model__class_weight': None, 'model__criterion': 'entropy', 'model__max_depth': None, 'model__min_samples_leaf': 13, 'model__min_samples_split': 10}",0.6585719815658885,0.6227447846608227,0.6188778351217208,0.6456355700151257,0.632732806898632,0.635712595652438,0.014706932852235212,22,0.883905822215892,0.8781886882270685,0.8573314291948073,0.8783731516467822,0.8630012000039669,0.8721600582577034,0.010165459203867069,25,0.627177700348432,0.5909090909090909,0.5882352941176471,0.5813528336380256,0.6306913996627319,0.6036732637351856,0.020889685603542,21,0.5882352941176471,0.5540983606557377,0.5409836065573771,0.521311475409836,0.6131147540983607,0.5635486981677917,0.03301120156821626,28,0.6716417910447762,0.6329588014981273,0.64453125,0.6570247933884298,0.6493055555555556,0.6510924382973778,0.012903795260597865,15
0.44552884101867674,0.028925236527921054,0.16469664573669435,0.01829467421142875,balanced,gini,8,2,2,"{'model__class_weight': 'balanced', 'model__criterion': 'gini', 'model__max_depth': 8, 'model__min_samples_leaf': 2, 'model__min_samples_split': 2}",0.6457274287200977,0.6227038744158178,0.622666621960912,0.6823446769601895,0.6005261683547825,0.6347937540823599,0.02774215371256025,23,0.8586057304277643,0.861248797516686,0.8692263445498992,0.878599268096754,0.8420150149256691,0.8619390311033545,0.012159129659569836,31,0.623574144486692,0.5980392156862745,0.6032953105196451,0.6433041301627034,0.599476439790576,0.6135378481291782,0.017490564195720208,14,0.803921568627451,0.8,0.780327868852459,0.8426229508196721,0.7508196721311475,0.795538412086146,0.03012727401105062,13,0.5093167701863354,0.4774951076320939,0.49173553719008267,0.520242914979757,0.4989106753812636,0.4995402010739065,0.014638844848368372,24
0.4879190444946289,0.044894665711646964,0.14236869812011718,0.0074617689562263105,balanced,entropy,10,7,28,"{'model__class_weight': 'balanced', 'model__criterion': 'entropy', 'model__max_depth': 10, 'model__min_samples_leaf': 7, 'model__min_samples_split': 28}",0.6635581695460239,0.6170571643399803,0.6300274018945717,0.654024233668884,0.588683207132921,0.6306700353164763,0.026741970490737628,24,0.8931439807561441,0.874866363194589,0.8704987454503983,0.8891414517072783,0.8578104390427738,0.8770921960302367,0.012830108574304337,22,0.6236024844720497,0.6039603960396039,0.5979899497487438,0.6101694915254238,0.592686002522068,0.6056816648615778,0.010698680769635588,19,0.8202614379084967,0.8,0.780327868852459,0.8262295081967214,0.7704918032786885,0.7994621236472732,0.021701579800269377,11,0.503006012024048,0.4850894632206759,0.4847250509164969,0.4836852207293666,0.48155737704918034,0.4876126247879536,0.007794245641181528,31
0.4668550968170166,0.05111069823203043,0.16263065338134766,0.014678182800174154,balanced,gini,10,1,26,"{'model__class_weight': 'balanced', 'model__criterion': 'gini', 'model__max_depth': 10, 'model__min_samples_leaf': 1, 'model__min_samples_split': 26}",0.6342661320073593,0.6100684946229623,0.6330373715211637,0.6786216299477414,0.5923846841639324,0.6296756624526318,0.028993583168196838,25,0.8707211698238618,0.8588706078367201,0.8501661162516241,0.8774181071672964,0.8352216040383604,0.8584795210235725,0.01495810389562504,32,0.6159600997506235,0.5697399527186762,0.5780487804878048,0.6121951219512195,0.5804020100502513,0.5912691929917151,0.01899430724183624,34,0.8071895424836601,0.7901639344262295,0.7770491803278688,0.8229508196721311,0.7573770491803279,0.7909461052180434,0.02284193002924106,16,0.49798387096774194,0.4454713493530499,0.4601941747572815,0.487378640776699,0.47046843177189407,0.4722992935253333,0.018744112545449353,38
0.4981222152709961,0.05125505902150158,0.17258782386779786,0.016923420745431406,balanced,gini,20,15,27,"{'model__class_weight': 'balanced', 'model__criterion': 'gini', 'model__max_depth': 20, 'model__min_samples_leaf': 15, 'model__min_samples_split': 27}",0.6545659526916183,0.6171385838143751,0.598923416937128,0.6670030505997191,0.6019112451986183,0.6279084498482919,0.027824403183544573,26,0.8914773536533258,0.8848987930538612,0.8638838475499093,0.8907708785814168,0.8661489790048892,0.8794359703686805,0.012014409273536716,20,0.6123936816524909,0.5855338691159586,0.5902864259028643,0.6175771971496437,0.5812807881773399,0.5974143923996594,0.01471846273890325,29,0.8235294117647058,0.8360655737704918,0.7770491803278688,0.8524590163934426,0.7737704918032787,0.8125747348119576,0.03171881043250079,9,0.4874274661508704,0.450530035335689,0.4759036144578313,0.48417132216014896,0.46548323471400394,0.4727031345637087,0.013433849948573126,37
0.49130854606628416,0.024251722629719315,0.16469287872314453,0.012498835651036015,balanced,gini,20,14,4,"{'model__class_weight': 'balanced', 'model__criterion': 'gini', 'model__max_depth': 20, 'model__min_samples_leaf': 14, 'model__min_samples_split': 4}",0.6520125151228439,0.600154569656814,0.5865308631880137,0.6789935315216973,0.6017906330050807,0.62389642249889,0.03542522438953316,27,0.8787377945528494,0.8818174605535886,0.8630914482361924,0.8882270685192348,0.8666726170995607,0.8757092777922851,0.009423881941962649,23,0.6059850374064838,0.5882352941176471,0.5756097560975609,0.6140776699029126,0.5738916256157636,0.5915598766280736,0.01607956818507187,33,0.7941176470588235,0.819672131147541,0.7737704918032787,0.8295081967213115,0.7639344262295082,0.7962005785920926,0.025333231891002634,12,0.4899193548387097,0.45871559633027525,0.458252427184466,0.48747591522157996,0.45956607495069035,0.4707858737051443,0.014651350434634159,39
0.5322533130645752,0.04552907167448206,0.16618118286132813,0.005570877320969675,,entropy,14,10,5,"{'model__class_weight': None, 'model__criterion': 'entropy', 'model__max_depth': 14, 'model__min_samples_leaf': 10, 'model__min_samples_split': 5}",0.6377196786504242,0.6058449872054686,0.6338991699981056,0.6200312163140673,0.5965865394849905,0.6188163183306112,0.015803315611591272,28,0.8700288024814447,0.8645473208175894,0.8594825106859857,0.8654170757589281,0.8567988654507949,0.8632549150389487,0.004650643259727537,29,0.5865724381625441,0.5778546712802768,0.5860805860805861,0.5646630236794171,0.6161790017211703,0.5862699441847988,0.01692545369315489,36,0.5424836601307189,0.5475409836065573,0.5245901639344263,0.5081967213114754,0.5868852459016394,0.5419393549769633,0.02642486472597707,38,0.6384615384615384,0.6117216117216118,0.6639004149377593,0.6352459016393442,0.6485507246376812,0.639576038279587,0.01713523601866072,16
0.5299487113952637,0.07766299493915596,0.1658332347869873,0.006568026358797318,balanced,gini,,12,9,"{'model__class_weight': 'balanced', 'model__criterion': 'gini', 'model__max_depth': None, 'model__min_samples_leaf': 12, 'model__min_samples_split': 9}",0.6440049932195873,0.6056010374656688,0.5784375354563093,0.6647516916731538,0.5933454654118582,0.6172281446453154,0.032204876933986444,29,0.8739218851382361,0.8797159660031934,0.8527694306427459,0.8870270645522795,0.8553152241825592,0.869749914103803,0.013504995757766631,27,0.5989974937343359,0.5761511216056671,0.5665859564164649,0.6062052505966588,0.5770171149144254,0.5849913874535104,0.015011317177740223,37,0.7810457516339869,0.8,0.7672131147540984,0.8327868852459016,0.7737704918032787,0.7909632486874532,0.023617349335580115,15,0.48577235772357724,0.45018450184501846,0.4491362763915547,0.47654784240150094,0.4600389863547758,0.4643359929432854,0.014549277311006453,40
0.45846309661865237,0.052830938625861884,0.15579957962036134,0.006046333932225834,balanced,gini,10,9,8,"{'model__class_weight': 'balanced', 'model__criterion': 'gini', 'model__max_depth': 10, 'model__min_samples_leaf': 9, 'model__min_samples_split': 8}",0.6438365825656877,0.5993777043151661,0.5873003857454776,0.6785783997031787,0.5733739148823883,0.6164933974423797,0.03900427140150861,30,0.8829246387820666,0.875524877768191,0.8636349211071773,0.8821308500193389,0.8518203365961541,0.8712071248545856,0.011903417348881335,26,0.6303501945525292,0.5838509316770186,0.5825977301387137,0.6159420289855072,0.59375,0.6012981770707537,0.018812496820152933,23,0.7941176470588235,0.7704918032786885,0.7573770491803279,0.8360655737704918,0.7475409836065574,0.7811186113789778,0.031598074363847914,17,0.5225806451612903,0.47,0.4733606557377049,0.4875717017208413,0.4924406047516199,0.4891907214742913,0.01869194875891977,29
0.48564438819885253,0.04797125804500386,0.15785636901855468,0.003549045616542278,,gini,8,3,6,"{'model__class_weight': None, 'model__criterion': 'gini', 'model__max_depth': 8, 'model__min_samples_leaf': 3, 'model__min_samples_split': 6}",0.6209432276896748,0.5799934572996542,0.6360017887838848,0.6191127156378314,0.5656468142261365,0.6043396007274364,0.02678165764854792,31,0.888771186440678,0.8706455227951166,0.8775063719218907,0.8619935933672508,0.8323901897196354,0.8662613728489144,0.019067424949999048,28,0.6287625418060201,0.5868055555555556,0.6018691588785047,0.5932835820895522,0.5834862385321101,0.5988414153723485,0.016223279113192088,26,0.6143790849673203,0.5540983606557377,0.5278688524590164,0.521311475409836,0.521311475409836,0.5477938497803493,0.035420271667894625,34,0.6438356164383562,0.6236162361623616,0.7,0.6883116883116883,0.6625,0.6636527081824812,0.02802197664922067,11
0.4912740707397461,0.013897967818059333,0.16111674308776855,0.015078673595004474,balanced,entropy,20,9,29,"{'model__class_weight': 'balanced', 'model__criterion': 'entropy', 'model__max_depth': 20, 'model__min_samples_leaf': 9, 'model__min_samples_split': 29}",0.6158869438216797,0.6048228930365033,0.5971849833286083,0.6183434565730719,0.5842334352236371,0.6040943423967,0.01252859422028917,32,0.8718408267261707,0.8692650223637103,0.854396874039253,0.8670574117600389,0.8527515793440639,0.8630623428466475,0.007910724134936355,30,0.6127450980392157,0.6069651741293532,0.5872020075282308,0.617314930991217,0.5961783439490446,0.6040811109274122,0.011007945713729568,20,0.8169934640522876,0.8,0.7672131147540984,0.8065573770491803,0.7672131147540984,0.7915954141219329,0.020632747677458416,14,0.49019607843137253,0.48897795591182364,0.47560975609756095,0.5,0.4875,0.4884567580881514,0.007778228107334982,30
0.5184263706207275,0.04092626329310481,0.1582045078277588,0.00571201969837642,balanced,entropy,10,4,6,"{'model__class_weight': 'balanced', 'model__criterion': 'entropy', 'model__max_depth': 10, 'model__min_samples_leaf': 4, 'model__min_samples_split': 6}",0.6373964360734272,0.5816452908646156,0.5875063196382148,0.6291079892015183,0.5386942843776078,0.5948700640310768,0.035680710238233826,33,0.8777378182911582,0.8748058671268334,0.8445925441075838,0.8701784138129383,0.8201570914284014,0.857494346953383,0.022049487891678626,33,0.6186868686868687,0.6096654275092936,0.5917312661498708,0.6049382716049383,0.5827814569536424,0.6015606581809227,0.012803733760407256,22,0.8006535947712419,0.8065573770491803,0.7508196721311475,0.8032786885245902,0.7213114754098361,0.7765241615771992,0.034377870153716024,18,0.5041152263374485,0.4900398406374502,0.488272921108742,0.48514851485148514,0.4888888888888889,0.49129307836480296,0.006612642755968448,27
0.49766836166381834,0.028751463891040097,0.13054981231689453,0.0025339806102159562,balanced,entropy,,6,29,"{'model__class_weight': 'balanced', 'model__criterion': 'entropy', 'model__max_depth': None, 'model__min_samples_leaf': 6, 'model__min_samples_split': 29}",0.5784330754163467,0.6029624755628679,0.601379385271176,0.6112854824543359,0.5643406242439675,0.5916802085897388,0.017485249493042285,34,0.855291269049993,0.8517945513869467,0.8404550097686273,0.8634365733440441,0.8421250979342081,0.850620500296764,0.008520038310255142,36,0.5997458703939009,0.5807259073842302,0.579746835443038,0.6075,0.5852417302798982,0.5905920687002134,0.011074805379898184,35,0.7712418300653595,0.760655737704918,0.7508196721311475,0.7967213114754098,0.7540983606557377,0.7667073824065145,0.01654947929466912,19,0.49064449064449067,0.46963562753036436,0.47216494845360824,0.4909090909090909,0.4781704781704782,0.48030492714160644,0.008988925878920926,36
0.503095293045044,0.05632094323640662,0.18640499114990233,0.04101880127610998,balanced,entropy,,8,22,"{'model__class_weight': 'balanced', 'model__criterion': 'entropy', 'model__max_depth': None, 'model__min_samples_leaf': 8, 'model__min_samples_split': 22}",0.5938508683874004,0.5931169799154881,0.5752889603022733,0.6060902779573597,0.5593625337001318,0.5855419240525307,0.016365442984364095,35,0.8626768504011775,0.8623020241389227,0.8454375055785308,0.8546368748326441,0.8433608044985273,0.8536828118899603,0.008131699667235849,34,0.6020151133501259,0.5987261146496815,0.5843828715365239,0.6035805626598465,0.5751295336787565,0.5927668391749868,0.011129650610320138,30,0.7810457516339869,0.7704918032786885,0.760655737704918,0.7737704918032787,0.7278688524590164,0.7627665273759778,0.01863974413992994,20,0.48975409836065575,0.4895833333333333,0.47443762781186094,0.4947589098532495,0.4753747323340471,0.4847817403386293,0.0082802900272175,33
0.5663464546203614,0.06797380242719352,0.1710695743560791,0.014806497595055227,,entropy,14,2,29,"{'model__class_weight': None, 'model__criterion': 'entropy', 'model__max_depth': 14, 'model__min_samples_leaf': 2, 'model__min_samples_split': 29}",0.5895124884997709,0.5445554866351335,0.580631012130792,0.6169784683532435,0.5724591444683902,0.5808273200174661,0.023528911888498465,36,0.8682326037759738,0.8535955490761952,0.8243719813949799,0.8720389158311268,0.8427399759999207,0.8521958052156393,0.01741530997713399,35,0.6245733788395904,0.5819397993311036,0.5974499089253188,0.582089552238806,0.6035714285714285,0.5979248135812495,0.015802101176542606,27,0.5980392156862745,0.5704918032786885,0.5377049180327869,0.5114754098360655,0.5540983606557377,0.5543619414979106,0.029273391416619297,31,0.6535714285714286,0.5938566552901023,0.6721311475409836,0.6753246753246753,0.6627450980392157,0.651525800953281,0.02982198621929889,14
0.5430040836334229,0.028501748825257363,0.1747669219970703,0.03993563387247964,balanced,entropy,20,8,15,"{'model__class_weight': 'balanced', 'model__criterion': 'entropy', 'model__max_depth': 20, 'model__min_samples_leaf': 8, 'model__min_samples_split': 15}",0.5790447404981569,0.5853367570694279,0.5790135023867946,0.5828852696405529,0.5326659524264435,0.5717892444042751,0.019708480294561417,37,0.8579736979537579,0.8600805291918321,0.8352364801205954,0.8474061071276269,0.8324070492795017,0.8466207727346629,0.011334043919166314,37,0.6041666666666666,0.5987096774193549,0.5791505791505791,0.6055776892430279,0.5706594885598923,0.5916528202079041,0.014123197723465552,32,0.7581699346405228,0.760655737704918,0.7377049180327869,0.7475409836065574,0.6950819672131148,0.73983070823958,0.02381775065327876,21,0.5021645021645021,0.49361702127659574,0.4766949152542373,0.5089285714285714,0.4840182648401826,0.49308465499281784,0.011701108713644154,25
0.5176110744476319,0.027066872226803276,0.14988088607788086,0.004273933078257117,,gini,20,5,4,"{'model__class_weight': None, 'model__criterion': 'gini', 'model__max_depth': 20, 'model__min_samples_leaf': 5, 'model__min_samples_split': 4}",0.527451291883138,0.545022809829101,0.5931499252733479,0.5213003865439975,0.48984606586412094,0.535354095878741,0.0339552169120868,38,0.8180972954153414,0.8212331280433985,0.8283875318596094,0.8063858062340702,0.7926968353614392,0.8133601193827718,0.012536830367563265,38,0.5651438240270727,0.5733788395904437,0.6223021582733813,0.5743944636678201,0.5483304042179262,0.5767099379553289,0.02463445196295734,40,0.545751633986928,0.5508196721311476,0.5672131147540984,0.5442622950819672,0.5114754098360655,0.5439044251580414,0.01814550598620663,36,0.5859649122807018,0.597864768683274,0.6892430278884463,0.608058608058608,0.5909090909090909,0.6144080815640242,0.03814572753776204,18
0.5399601459503174,0.05433981543443276,0.16600823402404785,0.013372741560751711,balanced,entropy,20,3,15,"{'model__class_weight': 'balanced', 'model__criterion': 'entropy', 'model__max_depth': 20, 'model__min_samples_leaf': 3, 'model__min_samples_split': 15}",0.5063910636148317,0.5202375084835951,0.5189318962069003,0.5349245215816282,0.4588915653044708,0.5078753110382852,0.026108780625738813,39,0.8035081264144076,0.8210804002657859,0.8011662848472227,0.8155623654954232,0.7779843900310415,0.8038603134107761,0.01490244711865419,39,0.5874125874125874,0.5967741935483871,0.567530695770805,0.6097902097902098,0.5428973277074542,0.5808810028458888,0.023460552550307327,39,0.6862745098039216,0.7278688524590164,0.6819672131147541,0.7147540983606557,0.6327868852459017,0.68873031179685,0.032834433979455666,22,0.5134474327628362,0.5056947608200456,0.48598130841121495,0.5317073170731708,0.4753694581280788,0.5024400554390692,0.019960138570282483,23
0.5038721561431885,0.0389526684080457,0.1511472702026367,0.0027607572587578983,,entropy,14,3,2,"{'model__class_weight': None, 'model__criterion': 'entropy', 'model__max_depth': 14, 'model__min_samples_leaf': 3, 'model__min_samples_split': 2}",0.5130834594872784,0.4763009895134104,0.4914698460008282,0.5487794032556921,0.49136152285225676,0.5041990442218932,0.025185222432906006,40,0.8108778822263368,0.7984062757232255,0.7864756577707694,0.812479049517519,0.7926403062489463,0.8001758342973595,0.010134232008427033,40,0.6252045826513911,0.5664939550949913,0.5774647887323944,0.5946902654867257,0.549645390070922,0.5826997964072849,0.025818817086175658,38,0.6241830065359477,0.5377049180327869,0.5377049180327869,0.5508196721311476,0.5081967213114754,0.5517218472088288,0.03882993361398836,33,0.6262295081967213,0.5985401459854015,0.623574144486692,0.6461538461538462,0.5984555984555985,0.6185906486556518,0.018167884664974262,17
