mean_fit_time,std_fit_time,mean_score_time,std_score_time,param_model__class_weight,param_model__max_depth,param_model__max_features,param_model__min_samples_leaf,param_model__n_estimators,params,split0_test_pr_auc,split1_test_pr_auc,split2_test_pr_auc,split3_test_pr_auc,split4_test_pr_auc,mean_test_pr_auc,std_test_pr_auc,rank_test_pr_auc,split0_test_roc_auc,split1_test_roc_auc,split2_test_roc_auc,split3_test_roc_auc,split4_test_roc_auc,mean_test_roc_auc,std_test_roc_auc,rank_test_roc_auc,split0_test_f1,split1_test_f1,split2_test_f1,split3_test_f1,split4_test_f1,mean_test_f1,std_test_f1,rank_test_f1,split0_test_recall,split1_test_recall,split2_test_recall,split3_test_recall,split4_test_recall,mean_test_recall,std_test_recall,rank_test_recall,split0_test_precision,split1_test_precision,split2_test_precision,split3_test_precision,split4_test_precision,mean_test_precision,std_test_precision,rank_test_precision
11.835365056991577,0.42757558210668717,0.9331382274627685,0.05049378465034812,,12,sqrt,5,424,"{'model__class_weight': None, 'model__max_depth': 12, 'model__max_features': 'sqrt', 'model__min_samples_leaf': 5, 'model__n_estimators': 424}",0.7545947062894588,0.7271290819074903,0.7665042670125334,0.7755009139590959,0.7393594199135397,0.7526176778164236,0.017583164797466275,1,0.9340431087689313,0.9202324635783921,0.9346027590173852,0.9356302004304147,0.9274761238880129,0.9303969311366271,0.005834693183298451,28,0.6856127886323268,0.6148282097649186,0.6455223880597015,0.6568807339449542,0.6307977736549165,0.6467283788113635,0.02403300655939095,37,0.630718954248366,0.5573770491803278,0.5672131147540984,0.5868852459016394,0.5573770491803278,0.5799142826529519,0.02759305142867105,36,0.7509727626459144,0.6854838709677419,0.7489177489177489,0.7458333333333333,0.7264957264957265,0.7315406884720931,0.024619218157896493,8
12.458929586410523,0.48939592520575237,0.8315049648284912,0.1430721089105891,,12,sqrt,5,417,"{'model__class_weight': None, 'model__max_depth': 12, 'model__max_features': 'sqrt', 'model__min_samples_leaf': 5, 'model__n_estimators': 417}",0.7549353980976736,0.7272004135051623,0.7660495851117911,0.7752119068808442,0.7387079950672477,0.7524210597325439,0.017524899165505453,2,0.9341697130829734,0.9203375878928527,0.9345095355687126,0.9355687126238433,0.9275058760524828,0.930418285044173,0.005786899491606667,27,0.6856127886323268,0.6162162162162163,0.6455223880597015,0.6605504587155964,0.6307977736549165,0.6477399250557514,0.024017334371479935,36,0.630718954248366,0.5606557377049181,0.5672131147540984,0.5901639344262295,0.5573770491803278,0.5812257580627881,0.027267960285830613,33,0.7509727626459144,0.684,0.7489177489177489,0.75,0.7264957264957265,0.732077247611878,0.025707754245380268,7
21.59101610183716,0.5257037194608483,0.9480543613433838,0.07238119761146045,,12,0.3,10,387,"{'model__class_weight': None, 'model__max_depth': 12, 'model__max_features': 0.3, 'model__min_samples_leaf': 10, 'model__n_estimators': 387}",0.7580153946014272,0.7244934602022075,0.7543649527203772,0.7799332795218501,0.7418606868964392,0.7517335547884603,0.01833633832057059,3,0.9362369241481904,0.9223250324794461,0.934007715727986,0.9383634326063888,0.9288883599615205,0.9319642929847063,0.005757719140703353,13,0.6829268292682927,0.6323268206039077,0.6496350364963503,0.6820603907637656,0.6459854014598541,0.658586895718434,0.020356631946156205,25,0.6405228758169934,0.5836065573770491,0.5836065573770491,0.6295081967213115,0.580327868852459,0.6035144112289724,0.02598293429442282,25,0.7313432835820896,0.689922480620155,0.7325102880658436,0.7441860465116279,0.7283950617283951,0.7252714321016223,0.01847342137902541,9
23.579771900177,1.3926585085985128,1.0252145290374757,0.13267691404878118,,12,0.3,6,483,"{'model__class_weight': None, 'model__max_depth': 12, 'model__max_features': 0.3, 'model__min_samples_leaf': 6, 'model__n_estimators': 483}",0.7566089999276251,0.7276755129463939,0.7548498037683592,0.780321042458728,0.7387438758383654,0.7516398469878942,0.017878493533008633,4,0.9367789488676828,0.9220909821189491,0.9348189580792003,0.9378834310196067,0.927914472444537,0.9318973585059952,0.006003784338009843,14,0.6818181818181818,0.6265486725663717,0.6432532347504621,0.673721340388007,0.643510054844607,0.653770296873526,0.02069601884081862,28,0.6372549019607843,0.580327868852459,0.5704918032786885,0.6262295081967213,0.5770491803278689,0.5982706525233044,0.027732393146377033,28,0.7330827067669173,0.6807692307692308,0.7372881355932204,0.7290076335877863,0.7272727272727273,0.7214840867979764,0.02064997607646185,13
26.376234579086304,0.23081767025511843,0.33498082160949705,0.06860501884711794,,8,0.5,8,514,"{'model__class_weight': None, 'model__max_depth': 8, 'model__max_features': 0.5, 'model__min_samples_leaf': 8, 'model__n_estimators': 514}",0.759164311489646,0.7241014466337143,0.7514201259198753,0.7845514701688056,0.7382653771347653,0.7515005462693614,0.020381284053055077,5,0.9380252100840336,0.9226404054228279,0.9356599525948847,0.9379826049011732,0.929142245098331,0.93269008362025,0.005981265211799944,4,0.6923076923076923,0.6230088495575221,0.6410256410256411,0.6797153024911032,0.644808743169399,0.6561732457102716,0.025762009573143146,26,0.6470588235294118,0.5770491803278689,0.5737704918032787,0.6262295081967213,0.580327868852459,0.600887174541948,0.03000101513824288,26,0.7443609022556391,0.676923076923077,0.7261410788381742,0.7431906614785992,0.7254098360655737,0.7232051111122126,0.024505089796382478,11
13.135802984237671,0.5767564925785865,0.6782642364501953,0.1669250600232152,,16,0.3,8,234,"{'model__class_weight': None, 'model__max_depth': 16, 'model__max_features': 0.3, 'model__min_samples_leaf': 8, 'model__n_estimators': 234}",0.7581116922039777,0.7229857899659864,0.754594176223719,0.7812575781614711,0.7403740243581074,0.7514646521826525,0.019368237497751333,6,0.9365198056623779,0.9227098271399246,0.9329882082254817,0.9368202870092132,0.9287237313181201,0.9315523718710235,0.005304333306089586,17,0.6783216783216783,0.6203208556149733,0.6495412844036698,0.6774193548387096,0.6533575317604355,0.6557921409878933,0.0213472670267528,27,0.6339869281045751,0.5704918032786885,0.580327868852459,0.6196721311475409,0.5901639344262295,0.5989285331618985,0.024045117689655986,27,0.7293233082706767,0.6796875,0.7375,0.7470355731225297,0.7317073170731707,0.7250507396932754,0.023489169262574328,10
13.943226099014282,1.3071945634254745,1.1641191959381103,0.2024800035248663,,24,sqrt,9,526,"{'model__class_weight': None, 'model__max_depth': 24, 'model__max_features': 'sqrt', 'model__min_samples_leaf': 9, 'model__n_estimators': 526}",0.7567164092164613,0.72447702296499,0.7603365301583312,0.7752918860653117,0.7377245407985892,0.7509092778407366,0.017830360812920453,7,0.9351825475953094,0.9205954399849255,0.9336566401872403,0.9366278896789741,0.9267045510894251,0.9305534137071749,0.006032132915911936,25,0.6821428571428572,0.6195652173913043,0.6440677966101694,0.6726943942133815,0.6333333333333333,0.6503607197382092,0.023608443437234405,31,0.6241830065359477,0.5606557377049181,0.5606557377049181,0.6098360655737705,0.5606557377049181,0.5831972570448946,0.027977912944482045,32,0.7519685039370079,0.6923076923076923,0.7566371681415929,0.75,0.7276595744680852,0.7357145877708756,0.02389585309513202,5
10.27623028755188,0.826235517959083,0.9184656143188477,0.2557850139356012,,12,sqrt,8,362,"{'model__class_weight': None, 'model__max_depth': 12, 'model__max_features': 'sqrt', 'model__min_samples_leaf': 8, 'model__n_estimators': 362}",0.7555952523230112,0.7238379996260113,0.7604855288601687,0.7749706207402484,0.737907782505164,0.7505594368109206,0.017854367555154984,8,0.9337899001408474,0.9200837027560422,0.9344301964634594,0.9359872264040543,0.9269147997183461,0.9302411650965497,0.005956466613443242,30,0.6810035842293907,0.6139705882352942,0.6440677966101694,0.6642066420664207,0.6370370370370371,0.6480571296356624,0.023002283128234893,35,0.6209150326797386,0.5475409836065573,0.5606557377049181,0.5901639344262295,0.5639344262295082,0.5766420229293903,0.026103089095802015,37,0.753968253968254,0.698744769874477,0.7566371681415929,0.759493670886076,0.7319148936170212,0.7401517512974843,0.02288736989241196,3
13.441007471084594,0.604435945431563,1.2636745929718018,0.14989731363125514,,24,log2,8,493,"{'model__class_weight': None, 'model__max_depth': 24, 'model__max_features': 'log2', 'model__min_samples_leaf': 8, 'model__n_estimators': 493}",0.7565907864430298,0.7264575342712343,0.764112078826398,0.7699027728320215,0.7355514094295917,0.750522916360455,0.016735303138003737,9,0.9332518318061688,0.9209286642269892,0.9341485426398103,0.9351164797238999,0.9257762835579622,0.9298443603909661,0.0055492517647870235,36,0.680073126142596,0.6111111111111112,0.628131021194605,0.647834274952919,0.6287878787878788,0.6391874824378221,0.02351630328145512,39,0.6078431372549019,0.5409836065573771,0.5344262295081967,0.5639344262295082,0.5442622950819672,0.5582899389263902,0.02665760777184847,40,0.7717842323651453,0.7021276595744681,0.7616822429906542,0.7610619469026548,0.7443946188340808,0.7482101401334006,0.024659917008909134,1
23.48576364517212,1.0156234551412504,1.0218690872192382,0.18330623252018993,,,0.3,5,430,"{'model__class_weight': None, 'model__max_depth': None, 'model__max_features': 0.3, 'model__min_samples_leaf': 5, 'model__n_estimators': 430}",0.7574474187335981,0.7248891402525912,0.7530913543932745,0.7804019689320637,0.7361478375620044,0.7503955439747065,0.01903131965475621,10,0.9369668771463388,0.9219918082373825,0.9334285402596372,0.9372665694762627,0.9270437257643825,0.9313395041768008,0.005949699705063799,18,0.6854130052724078,0.6287744227353463,0.6288848263254113,0.6773049645390071,0.644808743169399,0.6530371924083143,0.02398684714288852,29,0.6372549019607843,0.580327868852459,0.5639344262295082,0.6262295081967213,0.580327868852459,0.5976149148183862,0.028713003196804907,29,0.7414448669201521,0.686046511627907,0.7107438016528925,0.7374517374517374,0.7254098360655737,0.7202193507436525,0.020159304503354958,14
9.029696655273437,0.7423388419148721,0.8319459915161133,0.1307216915337159,,12,sqrt,3,300,"{'model__class_weight': None, 'model__max_depth': 12, 'model__max_features': 'sqrt', 'model__min_samples_leaf': 3, 'model__n_estimators': 300}",0.7545085536812286,0.7233576385286504,0.7635194961304088,0.7767790154220072,0.7327889246006931,0.7501907256725977,0.01962689052625759,11,0.9352478279447372,0.9211944502295876,0.9326232483413167,0.9362133428540258,0.9265557902670754,0.9303669319273485,0.005687773758976411,29,0.6869409660107334,0.6245487364620939,0.6309751434034416,0.6703296703296703,0.6383763837638377,0.6502341799939554,0.024176338443910525,32,0.6274509803921569,0.5672131147540984,0.5409836065573771,0.6,0.5672131147540984,0.5805721632915462,0.02999748826775051,34,0.758893280632411,0.6947791164658634,0.7568807339449541,0.7593360995850622,0.729957805907173,0.7399694073070927,0.025145851622009004,4
7.246683502197266,0.660097824744984,0.6246193408966064,0.11664555775258191,,12,sqrt,10,241,"{'model__class_weight': None, 'model__max_depth': 12, 'model__max_features': 'sqrt', 'model__min_samples_leaf': 10, 'model__n_estimators': 241}",0.7586963970320612,0.7232364146717688,0.7621959899734269,0.77348874629835,0.7330123005651757,0.7501259697081565,0.018872640436949965,12,0.9343062083590498,0.9200837027560422,0.9335574663056737,0.935374331815973,0.9273650491406582,0.9301373516754794,0.005749156965392728,32,0.6666666666666666,0.6137184115523465,0.6415094339622641,0.6519337016574586,0.6317757009345795,0.641120782954663,0.017932556714193148,38,0.5947712418300654,0.5573770491803278,0.5573770491803278,0.580327868852459,0.5540983606557377,0.5687903139397836,0.016028115944442617,38,0.7583333333333333,0.6827309236947792,0.7555555555555555,0.7436974789915967,0.7347826086956522,0.7350199800541833,0.027476255386127916,6
20.391301727294923,1.0438811980812541,0.7225085258483886,0.10580723453285858,balanced,12,0.3,7,440,"{'model__class_weight': 'balanced', 'model__max_depth': 12, 'model__max_features': 0.3, 'model__min_samples_leaf': 7, 'model__n_estimators': 440}",0.7569578488302242,0.7247110564315127,0.7551346717067275,0.7783235027369765,0.7334968739226452,0.7497247907256172,0.018912971514721363,13,0.9378986057699915,0.9243362787976158,0.9351799510081025,0.9393452540338977,0.9287118304523321,0.933094384012388,0.0056993805817023915,2,0.6879334257975035,0.6685393258426966,0.7048458149779736,0.6814404432132964,0.6685962373371924,0.6822710494337325,0.013549414532090793,4,0.8104575163398693,0.780327868852459,0.7868852459016393,0.8065573770491803,0.7573770491803279,0.788321011464695,0.01921494434677108,10,0.5975903614457831,0.5847665847665847,0.6382978723404256,0.5899280575539568,0.5984455958549223,0.6018056943923346,0.018932236313384903,26
36.2985643863678,1.1379839868419341,0.964844799041748,0.055273704215332856,,12,0.5,7,443,"{'model__class_weight': None, 'model__max_depth': 12, 'model__max_features': 0.5, 'model__min_samples_leaf': 7, 'model__n_estimators': 443}",0.7556606080182419,0.7223048097741318,0.7495359460971786,0.7813208105957926,0.7382254081936148,0.749409516535792,0.019581482200206016,14,0.936327920998908,0.9218787500123966,0.9342893695516349,0.9383098787103428,0.9282556305971259,0.9318123099740816,0.006001175689205813,15,0.6749116607773852,0.6205673758865248,0.644927536231884,0.6713780918727915,0.6388384754990926,0.6501246280535357,0.020465213774200918,33,0.6241830065359477,0.5737704918032787,0.5836065573770491,0.6229508196721312,0.5770491803278689,0.596312011143255,0.02248120906267959,30,0.7346153846153847,0.6756756756756757,0.7206477732793523,0.7279693486590039,0.7154471544715447,0.7148710673401922,0.020646471726643682,16
8.272974491119385,0.5078930271599191,0.8680443286895752,0.21113142660458042,,16,sqrt,11,271,"{'model__class_weight': None, 'model__max_depth': 16, 'model__max_features': 'sqrt', 'model__min_samples_leaf': 11, 'model__n_estimators': 271}",0.758353284342158,0.7198876392346689,0.7610160439326422,0.7716639546331682,0.7344842473146694,0.7490810338914613,0.018993303410862437,15,0.9351291364003229,0.9189213848640823,0.9340771374450825,0.9364454097368917,0.9260063669631966,0.9301158870819153,0.006679701575958148,34,0.6820603907637656,0.6179159049360147,0.651685393258427,0.6642066420664207,0.6368715083798883,0.6505479678809032,0.022058027969272198,30,0.6274509803921569,0.5540983606557377,0.5704918032786885,0.5901639344262295,0.5606557377049181,0.5805721632915462,0.026415016405025783,34,0.7470817120622568,0.6983471074380165,0.759825327510917,0.759493670886076,0.7370689655172413,0.7403633566829015,0.022654322955174343,2
22.55656180381775,1.2614462688511283,1.2133134365081788,0.16407315849392143,balanced,24,0.3,10,414,"{'model__class_weight': 'balanced', 'model__max_depth': 24, 'model__max_features': 0.3, 'model__min_samples_leaf': 10, 'model__n_estimators': 414}",0.7554789390443862,0.7225361507212038,0.7529835210485569,0.7769036550320596,0.7334769224233713,0.7482758376539156,0.01884217745281472,16,0.9372279985440505,0.9221366021044698,0.9352275544712545,0.9392381462418058,0.9285868713615583,0.9324834345446277,0.006291380738958336,7,0.6821282401091405,0.6602209944751382,0.6984126984126984,0.6830601092896175,0.6695035460992907,0.6786651176771772,0.013003047239988377,10,0.8169934640522876,0.7836065573770492,0.7934426229508197,0.819672131147541,0.7737704918032787,0.7974970534661953,0.01813382536954617,6,0.585480093676815,0.5704057279236276,0.6237113402061856,0.585480093676815,0.59,0.5910154510966886,0.017641390865756557,34
21.856383562088013,0.6056201159575503,0.7633113861083984,0.10726384149472411,balanced_subsample,24,0.5,9,248,"{'model__class_weight': 'balanced_subsample', 'model__max_depth': 24, 'model__max_features': 0.5, 'model__min_samples_leaf': 9, 'model__n_estimators': 248}",0.7525385326470739,0.7243491433683477,0.7495184942691475,0.7799687435617503,0.7328598441614614,0.7478469516015561,0.019148759163537542,17,0.9372279985440505,0.9237233842095345,0.9341386252516537,0.9393016175260084,0.9276625707853579,0.932410839263321,0.005859880918129672,8,0.6879334257975035,0.6638772663877266,0.695139911634757,0.6823855755894591,0.6743849493487699,0.6807442257516432,0.010830965914330375,7,0.8104575163398693,0.780327868852459,0.7737704918032787,0.8065573770491803,0.7639344262295082,0.7870095360548591,0.018353765443289434,11,0.5975903614457831,0.5776699029126213,0.6310160427807486,0.5913461538461539,0.6036269430051814,0.6002498807980976,0.017630462673576874,29
19.69600911140442,0.9617301061501636,0.7823650360107421,0.12549138008200725,balanced,,0.5,8,262,"{'model__class_weight': 'balanced', 'model__max_depth': None, 'model__max_features': 0.5, 'model__min_samples_leaf': 8, 'model__n_estimators': 262}",0.7569953584433304,0.7225833801514134,0.7495621578005828,0.7800685315546289,0.7281288183275869,0.7474676492555085,0.020742222473003953,18,0.9377937615724256,0.9232711513095911,0.9336963097398668,0.9398391399640991,0.9265141372368174,0.9322228999645599,0.006386490789376255,11,0.6900420757363254,0.6572237960339944,0.7032640949554896,0.6890756302521008,0.6754002911208151,0.683001177619745,0.015616055308643262,2,0.803921568627451,0.760655737704918,0.7770491803278688,0.8065573770491803,0.760655737704918,0.7817679202828672,0.0200948566300763,15,0.6044226044226044,0.5785536159600998,0.6422764227642277,0.6014669926650367,0.6073298429319371,0.6068098957487812,0.020448999996798077,25
26.866196203231812,0.7661295245325643,1.0032532215118408,0.15457205572727226,,12,0.5,5,299,"{'model__class_weight': None, 'model__max_depth': 12, 'model__max_features': 0.5, 'model__min_samples_leaf': 5, 'model__n_estimators': 299}",0.7529024523160298,0.7198582305175489,0.7506741155233119,0.779164520943302,0.7346925255999117,0.7474583689800209,0.01984940070567308,19,0.9363615502698255,0.9213868475598267,0.9338649053385302,0.9382483909037717,0.927932323743219,0.9315588035630347,0.006160439999425547,16,0.6749116607773852,0.6276595744680851,0.6335174953959485,0.6725978647686833,0.6402877697841727,0.649794873038855,0.01998068535448728,34,0.6241830065359477,0.580327868852459,0.5639344262295082,0.6196721311475409,0.5836065573770491,0.5943447980285009,0.02353026697096457,31,0.7346153846153847,0.6833976833976834,0.7226890756302521,0.7354085603112841,0.7091633466135459,0.7170548101136299,0.01934970927951017,15
29.622148323059083,0.46945928671297704,0.4802051067352295,0.07229762105656694,balanced_subsample,,0.5,9,458,"{'model__class_weight': 'balanced_subsample', 'model__max_depth': None, 'model__max_features': 0.5, 'model__min_samples_leaf': 9, 'model__n_estimators': 458}",0.7521310924711686,0.7216154257245261,0.7488481985815437,0.7804620815595817,0.7325371280821686,0.7471187852837977,0.020014672496870972,20,0.9372754751618161,0.9234952842819315,0.9336447393214523,0.9392381462418058,0.9275733142919481,0.9322453918597906,0.005908489089691399,10,0.686030428769018,0.6610644257703081,0.6921944035346097,0.6879334257975035,0.6763005780346821,0.6807046523812244,0.011115465019345058,8,0.8104575163398693,0.7737704918032787,0.7704918032786885,0.8131147540983606,0.7672131147540984,0.7870095360548591,0.020353359789589937,11,0.5947242206235012,0.5770171149144254,0.6283422459893048,0.5961538461538461,0.6046511627906976,0.600177718094355,0.01670687318867913,30
34.81616182327271,0.5436422822842002,0.4880205631256104,0.13074179374512185,balanced_subsample,12,0.5,10,547,"{'model__class_weight': 'balanced_subsample', 'model__max_depth': 12, 'model__max_features': 0.5, 'model__min_samples_leaf': 10, 'model__n_estimators': 547}",0.7543871814548085,0.7234983892311742,0.7481985974860306,0.779845193464147,0.7296539911867937,0.7471166705645909,0.019939686506317215,21,0.9376137460633971,0.923870161554253,0.934517469479238,0.9399224460246148,0.9278886872353298,0.9327625020713665,0.006011772903475816,3,0.680327868852459,0.6584022038567493,0.6918604651162791,0.6867305061559508,0.6733238231098431,0.6781289734182563,0.011658561469068972,11,0.8137254901960784,0.7836065573770492,0.780327868852459,0.8229508196721311,0.7737704918032787,0.7948762455801993,0.019634610834610863,7,0.5845070422535211,0.5676959619952494,0.6214099216710183,0.5892018779342723,0.5959595959595959,0.5917548799627314,0.017521310681092993,32
33.11072978973389,0.7845602505571464,0.7788385391235352,0.04222863011819801,balanced_subsample,,0.5,7,400,"{'model__class_weight': 'balanced_subsample', 'model__max_depth': None, 'model__max_features': 0.5, 'model__min_samples_leaf': 7, 'model__n_estimators': 400}",0.7524725614063412,0.7219487616286943,0.7502560779328483,0.7783160128064732,0.731366070302614,0.7468718968153942,0.019458396026062422,22,0.9371884346959123,0.923995120645027,0.9336011028135629,0.9390437654339352,0.927410669126179,0.9322478185429233,0.005725923462772496,9,0.6938202247191011,0.659942363112392,0.6965620328849028,0.6827880512091038,0.6755162241887905,0.681725779222858,0.013270977714710546,5,0.8071895424836601,0.7508196721311475,0.7639344262295082,0.7868852459016393,0.7508196721311475,0.7719297117754206,0.022009615176556096,18,0.6083743842364532,0.5886889460154242,0.6401098901098901,0.6030150753768844,0.613941018766756,0.6108258629010817,0.016877912692199036,24
22.011479234695436,1.2100426957455377,0.6566715240478516,0.05304776984357781,balanced_subsample,,0.5,7,261,"{'model__class_weight': 'balanced_subsample', 'model__max_depth': None, 'model__max_features': 0.5, 'model__min_samples_leaf': 7, 'model__n_estimators': 261}",0.7524332251388154,0.7221984285869626,0.7490592224808847,0.7782438690848038,0.7323949942738934,0.7468659479130719,0.01917432645507397,23,0.9371073288072289,0.9241934684081601,0.9330576299425783,0.9388672359247469,0.9272262057064652,0.9320903737578359,0.005622322087137587,12,0.6919831223628692,0.6618705035971223,0.7016491754122939,0.6846590909090909,0.6715542521994134,0.6823432288961578,0.014188339107373065,3,0.803921568627451,0.7540983606557377,0.7672131147540984,0.7901639344262295,0.7508196721311475,0.7732433301189328,0.020655144437915517,17,0.6074074074074074,0.5897435897435898,0.6464088397790055,0.6040100250626567,0.6074270557029178,0.6109993835391154,0.018868774796976507,23
6.32449164390564,0.8470769675402868,0.592914342880249,0.13228444056564265,balanced,12,sqrt,4,212,"{'model__class_weight': 'balanced', 'model__max_depth': 12, 'model__max_features': 'sqrt', 'model__min_samples_leaf': 4, 'model__n_estimators': 212}",0.7525530189895313,0.7204423972110378,0.7666859462968775,0.7634895605290177,0.7267937018043751,0.7459929249661679,0.01896738179079943,24,0.9358531548212505,0.9222734620610316,0.9352136701278351,0.935620283042258,0.9271746352880504,0.9312270410680851,0.005535039013458024,19,0.6933701657458563,0.6573426573426573,0.6899563318777293,0.6786206896551724,0.6618705035971223,0.6762320696437075,0.014497170026066136,13,0.8202614379084967,0.7704918032786885,0.7770491803278688,0.8065573770491803,0.7540983606557377,0.7856916318439944,0.024225244499501104,13,0.6004784688995215,0.573170731707317,0.6204188481675392,0.5857142857142857,0.5897435897435898,0.5939051848464507,0.015877718068530985,31
29.01527280807495,1.190563104352389,0.7986027717590332,0.10967224982381198,balanced,12,0.5,8,413,"{'model__class_weight': 'balanced', 'model__max_depth': 12, 'model__max_features': 0.5, 'model__min_samples_leaf': 8, 'model__n_estimators': 413}",0.7538306657054643,0.7182591748009448,0.7504171264574956,0.7782368744916168,0.7277867943383587,0.7457061271587759,0.021075525357552687,25,0.9377720014559495,0.9237035494332212,0.9347594537502604,0.9393551714220542,0.9272043874525204,0.9325589127028012,0.006087630197718931,5,0.6842105263157895,0.6629370629370629,0.6980854197349042,0.6806136680613668,0.6724890829694323,0.6796671520037112,0.011765978788386606,9,0.8071895424836601,0.7770491803278688,0.7770491803278688,0.8,0.7573770491803279,0.7837329904639451,0.017881877466951898,14,0.59375,0.5780487804878048,0.6336898395721925,0.5922330097087378,0.6047120418848168,0.6004867343307104,0.01864011134000016,27
26.87814950942993,1.1214683367296727,0.7339777469635009,0.14301132599810168,balanced_subsample,8,0.5,6,390,"{'model__class_weight': 'balanced_subsample', 'model__max_depth': 8, 'model__max_features': 0.5, 'model__min_samples_leaf': 6, 'model__n_estimators': 390}",0.7550053189158323,0.7167231354972474,0.7518142907847256,0.7767094598237269,0.7274373754833318,0.7455379161009728,0.021253756774654842,26,0.938377328332463,0.9234040443108904,0.9367905348447433,0.9400493885930201,0.9279005881011176,0.9333043768364468,0.006490005160995103,1,0.6729222520107239,0.6567567567567567,0.6807909604519774,0.6738255033557047,0.6675938803894298,0.6703778705929185,0.008000972846722385,17,0.8202614379084967,0.7967213114754098,0.7901639344262295,0.8229508196721311,0.7868852459016393,0.8033965498767813,0.015225491741736916,3,0.5704545454545454,0.5586206896551724,0.598014888337469,0.5704545454545454,0.5797101449275363,0.5754509627658536,0.013118367541469413,36
10.709128141403198,1.0539237858076267,0.8578983306884765,0.11958127831683177,balanced,12,sqrt,3,334,"{'model__class_weight': 'balanced', 'model__max_depth': 12, 'model__max_features': 'sqrt', 'model__min_samples_leaf': 3, 'model__n_estimators': 334}",0.7498279465015515,0.7145817061621764,0.7639091871105114,0.7631695516629896,0.7275317002529094,0.7438040183380277,0.01966856002668082,27,0.9346405228758171,0.9216446996518997,0.9354655717870143,0.9360130116132616,0.9276824055616714,0.9310892422979329,0.00560023714052744,21,0.6985915492957746,0.6638297872340425,0.6852122986822841,0.680672268907563,0.6608946608946609,0.677840113002865,0.013974476106666788,12,0.8104575163398693,0.7672131147540984,0.7672131147540984,0.7967213114754098,0.7508196721311475,0.7784849458909247,0.021791218494620204,16,0.6138613861386139,0.585,0.6190476190476191,0.5941320293398533,0.5902061855670103,0.6004494440186193,0.013485486259336694,28
33.55494112968445,0.2580374428298919,1.106595516204834,0.11598710448348815,balanced,,0.3,2,587,"{'model__class_weight': 'balanced', 'model__max_depth': None, 'model__max_features': 0.3, 'model__min_samples_leaf': 2, 'model__n_estimators': 587}",0.745393816175584,0.7207230620185278,0.7558435299793363,0.7722070295149638,0.7232359318051959,0.7434806738987215,0.01954206903966534,28,0.9353665194891516,0.9224152807116718,0.9324467188321284,0.9359981355310265,0.9266589311039044,0.9305771171335765,0.005249552008340445,24,0.6812080536912751,0.6442953020134228,0.6724738675958188,0.6865671641791045,0.6609294320137694,0.6690947638986782,0.015133544578477619,18,0.6633986928104575,0.6295081967213115,0.6327868852459017,0.6786885245901639,0.6295081967213115,0.6467780992178292,0.02042925603981396,22,0.7,0.6597938144329897,0.7174721189591078,0.6946308724832215,0.6956521739130435,0.6935097959576726,0.018755957337276644,17
10.603647947311401,0.4038446982325013,0.7668491840362549,0.16340741725858568,balanced_subsample,24,log2,4,291,"{'model__class_weight': 'balanced_subsample', 'model__max_depth': 24, 'model__max_features': 'log2', 'model__min_samples_leaf': 4, 'model__n_estimators': 291}",0.7497211020111996,0.7142463310131317,0.7629289604224347,0.7599328901945946,0.7254643041574781,0.7424587175597677,0.019296987441533107,29,0.9351133108610676,0.9206668451796536,0.9340930052661331,0.9349538345581307,0.9290053851417691,0.9307664762013508,0.005524467859991938,22,0.7008547008547008,0.6562054208273894,0.6985074626865672,0.6848137535816619,0.6676470588235294,0.6816056793547698,0.017358012957352034,6,0.803921568627451,0.7540983606557377,0.7672131147540984,0.7836065573770492,0.7442622950819672,0.7706203792992607,0.021245918135414116,19,0.6212121212121212,0.5808080808080808,0.6410958904109589,0.6081424936386769,0.6053333333333333,0.6113183838806342,0.019805916469629783,22
13.772178888320923,0.5638710658515076,1.2368494987487793,0.2179929348925147,balanced,16,log2,2,464,"{'model__class_weight': 'balanced', 'model__max_depth': 16, 'model__max_features': 'log2', 'model__min_samples_leaf': 2, 'model__n_estimators': 464}",0.7498426221774963,0.717614928111826,0.7645661285268845,0.7576908549103547,0.7160203191294416,0.7411469705712006,0.02041017912819048,30,0.9348739495798319,0.9221385855821012,0.9341703608937549,0.9335792845596184,0.926248351234219,0.9302021063699051,0.00509177852302277,31,0.7168674698795181,0.6606060606060606,0.6960629921259842,0.6909090909090909,0.6636085626911316,0.685610835242357,0.021088551669099474,1,0.7777777777777778,0.7147540983606557,0.7245901639344262,0.7475409836065574,0.7114754098360656,0.7352276867030965,0.02473306652129593,20,0.664804469273743,0.6140845070422535,0.6696969696969697,0.6422535211267606,0.6217765042979942,0.6425231942875442,0.022244667164891936,21
11.085395574569702,0.3245556236194992,0.9976446151733398,0.05469170563374103,balanced,16,log2,5,430,"{'model__class_weight': 'balanced', 'model__max_depth': 16, 'model__max_features': 'log2', 'model__min_samples_leaf': 5, 'model__n_estimators': 430}",0.7450291201128628,0.7074329226359978,0.765933155482207,0.7628261167688813,0.7211203413907558,0.7404683312781409,0.022955659761482,31,0.9348363639241007,0.920412960042843,0.9350490414844348,0.9353921831146549,0.9273194291551378,0.9306019955442342,0.0059201972378953175,23,0.6887966804979253,0.6574202496532594,0.6935251798561151,0.6767123287671233,0.6628407460545194,0.6758590369657884,0.014068888424402395,14,0.8137254901960784,0.7770491803278688,0.7901639344262295,0.8098360655737705,0.7573770491803279,0.789630343940855,0.02091742182650497,9,0.5971223021582733,0.5697115384615384,0.617948717948718,0.5811764705882353,0.5892857142857143,0.5910489486884959,0.016225554555791263,33
28.43490138053894,1.4536464064332337,0.7441325187683105,0.09844340287157145,balanced_subsample,8,0.5,2,401,"{'model__class_weight': 'balanced_subsample', 'model__max_depth': 8, 'model__max_features': 0.5, 'model__min_samples_leaf': 2, 'model__n_estimators': 401}",0.7512495056880935,0.7089404744139519,0.7524440316180709,0.7685936696591256,0.7176305404493277,0.739771644365714,0.022644334233773277,32,0.9372833879314437,0.9228288357978043,0.9371832634157469,0.938190870052463,0.9271171144367419,0.93252069432684,0.006319881185831304,6,0.6811397557666214,0.6529492455418381,0.6896551724137931,0.672972972972973,0.6638418079096046,0.6721117909209661,0.012849994415557564,16,0.8202614379084967,0.780327868852459,0.7868852459016393,0.8163934426229508,0.7704918032786885,0.7948719597128469,0.019887232255437953,8,0.5823665893271461,0.5613207547169812,0.6138107416879796,0.5724137931034483,0.5831265508684863,0.5826076859408083,0.01749861096463886,35
12.816750526428223,0.47802142980579365,1.2773988246917725,0.31642549737143677,balanced,,sqrt,9,482,"{'model__class_weight': 'balanced', 'model__max_depth': None, 'model__max_features': 'sqrt', 'model__min_samples_leaf': 9, 'model__n_estimators': 482}",0.7487551387359501,0.7055912348604804,0.7553813291404757,0.7677722768001307,0.7213025487899021,0.7397605056653878,0.022881468971967328,33,0.9363397901533494,0.9202622157428619,0.9344024277766207,0.937316156417046,0.9273134787222437,0.9311268137624242,0.006462101001593999,20,0.678237650200267,0.6485753052917232,0.6807909604519774,0.6666666666666666,0.6592797783933518,0.6667100722007973,0.01196024572847802,20,0.8300653594771242,0.7836065573770492,0.7901639344262295,0.8229508196721311,0.780327868852459,0.8014229079609987,0.02084719894697399,4,0.5733634311512416,0.5532407407407407,0.598014888337469,0.5602678571428571,0.5707434052757794,0.5711260645296176,0.015270537370771506,37
49.87595534324646,1.3007905148719328,1.398023748397827,0.2632142451148021,balanced_subsample,,0.5,2,559,"{'model__class_weight': 'balanced_subsample', 'model__max_depth': None, 'model__max_features': 0.5, 'model__min_samples_leaf': 2, 'model__n_estimators': 559}",0.7439852711958794,0.7109874136612012,0.7504045633389059,0.7729035838715151,0.7179575753123177,0.7392476814759638,0.02250134170549926,34,0.9343833578629192,0.9209415568315928,0.9318080390348398,0.9362272271974452,0.9249610742514852,0.9296642510356566,0.005799029545941969,38,0.6588235294117647,0.6420168067226891,0.6783831282952548,0.687603305785124,0.6494845360824743,0.6632622612594614,0.01721641343867434,22,0.6405228758169934,0.6262295081967213,0.6327868852459017,0.6819672131147541,0.6196721311475409,0.6402357227043822,0.021982357793535738,24,0.6782006920415224,0.6586206896551724,0.7310606060606061,0.6933333333333334,0.6823104693140795,0.6887051580809427,0.02396545460192384,19
47.767456722259524,1.5241453815901802,1.3659873962402345,0.37544546924981503,balanced,24,0.5,2,566,"{'model__class_weight': 'balanced', 'model__max_depth': 24, 'model__max_features': 0.5, 'model__min_samples_leaf': 2, 'model__n_estimators': 566}",0.7420226114186849,0.7106414378164945,0.751182512981391,0.7704501416018505,0.7200705187783318,0.7388734445193507,0.021490064849112957,35,0.9347710835746728,0.922224866859064,0.9321283706722997,0.9371416103854888,0.9260857060684499,0.930470327511995,0.005531078585456792,26,0.6700507614213198,0.6454849498327759,0.6805555555555556,0.6843853820598007,0.6563039723661486,0.6673561242471202,0.014642267648695367,19,0.6470588235294118,0.6327868852459017,0.6426229508196721,0.6754098360655738,0.6229508196721312,0.6441658630665381,0.017700253386179855,23,0.6947368421052632,0.658703071672355,0.7232472324723247,0.6936026936026936,0.6934306569343066,0.6927440993573886,0.020466618014339535,18
9.460718154907227,0.4926402633442224,0.713361120223999,0.11365929264113177,balanced,8,sqrt,9,356,"{'model__class_weight': 'balanced', 'model__max_depth': 8, 'model__max_features': 'sqrt', 'model__min_samples_leaf': 9, 'model__n_estimators': 356}",0.7504750415625526,0.7019258591591689,0.7561166439154765,0.7604894169734238,0.7242908825409519,0.7386595688303147,0.022256332619066368,36,0.9356948994286981,0.9181815477075956,0.9348209415568316,0.9355528448027928,0.9263733103249928,0.9301247087641823,0.006917490493070402,33,0.6701164294954722,0.6395806028833552,0.6739130434782609,0.6589446589446589,0.6640106241699867,0.6613130717943467,0.01201203368678681,23,0.8464052287581699,0.8,0.8131147540983606,0.839344262295082,0.819672131147541,0.8237072752598309,0.017030744254799328,1,0.5546038543897216,0.5327510917030568,0.5754060324825986,0.5423728813559322,0.5580357142857143,0.5526339148434046,0.014506859791600326,39
21.17751874923706,0.4863773659041747,1.481231689453125,0.2697170798230545,balanced_subsample,16,sqrt,1,513,"{'model__class_weight': 'balanced_subsample', 'model__max_depth': 16, 'model__max_features': 'sqrt', 'model__min_samples_leaf': 1, 'model__n_estimators': 513}",0.744910378908685,0.7088515637402755,0.7659837990546599,0.7566894672448594,0.7154703018264758,0.738381102154991,0.022523920502454647,37,0.9352596970991787,0.9205537869546676,0.9338807731595806,0.9352989596659824,0.9251941328731665,0.9300374699505152,0.006051843804751849,35,0.6893203883495146,0.6381578947368421,0.6824324324324325,0.691437802907916,0.6610738255033557,0.6724844687860122,0.020249224719346336,15,0.696078431372549,0.6360655737704918,0.6622950819672131,0.7016393442622951,0.6459016393442623,0.6683960141433622,0.02630555404005479,21,0.6826923076923077,0.6402640264026402,0.7038327526132404,0.6815286624203821,0.6769759450171822,0.6770587388291505,0.020603023304956527,20
9.150074672698974,0.6582934459450007,0.6743253707885742,0.05316684027156025,balanced_subsample,8,sqrt,9,333,"{'model__class_weight': 'balanced_subsample', 'model__max_depth': 8, 'model__max_features': 'sqrt', 'model__min_samples_leaf': 9, 'model__n_estimators': 333}",0.747523403073089,0.6974365869647119,0.7525676703849362,0.7618346328393942,0.7267290746685625,0.7372182735861388,0.022979863807659855,38,0.9347710835746728,0.9175706365971458,0.9345670564200212,0.9353049100988764,0.9263653764144675,0.9297158126210368,0.006914608663608397,37,0.669260700389105,0.6352941176470588,0.6711956521739131,0.6571798188874515,0.6649006622516557,0.6595661902698368,0.013057662729109245,24,0.8431372549019608,0.7967213114754098,0.8098360655737705,0.8327868852459016,0.8229508196721311,0.8210864673738347,0.01641246587872245,2,0.5548387096774193,0.5282608695652173,0.5730858468677494,0.5427350427350427,0.5577777777777778,0.5513396493246414,0.01505496169813203,40
11.859455585479736,0.7587126512245691,1.0883896350860596,0.26291749232428935,balanced_subsample,16,log2,8,414,"{'model__class_weight': 'balanced_subsample', 'model__max_depth': 16, 'model__max_features': 'log2', 'model__min_samples_leaf': 8, 'model__n_estimators': 414}",0.7408258731232397,0.6971692850323662,0.7581702205986733,0.7554137913899079,0.7134519685771382,0.733006227744265,0.02392959595678227,39,0.9337958347180682,0.9184175815457242,0.9344837503595054,0.9346404450923805,0.9264248807434075,0.9295524984918171,0.006355764566097978,39,0.6827309236947792,0.6450742240215924,0.6751054852320675,0.6675531914893617,0.6537931034482759,0.6648513855772153,0.013751697502900477,21,0.8333333333333334,0.7836065573770492,0.7868852459016393,0.8229508196721311,0.7770491803278688,0.8007650273224044,0.022814060403307426,5,0.5782312925170068,0.5481651376146789,0.5911330049261084,0.5615212527964206,0.5642857142857143,0.5686672804279859,0.01474300374531535,38
27.75006127357483,1.9768428789066415,0.2587306022644043,0.021711028161486543,balanced_subsample,,0.5,1,517,"{'model__class_weight': 'balanced_subsample', 'model__max_depth': None, 'model__max_features': 0.5, 'model__min_samples_leaf': 1, 'model__n_estimators': 517}",0.739515601235989,0.7019369642827621,0.7424266715974364,0.7591317429998468,0.7043853084762166,0.72947925771845,0.022520736297859317,40,0.9343418158223741,0.9192456834568049,0.9299743139646742,0.9356837543264606,0.9229706544484444,0.9284432444037517,0.006389157548746923,40,0.6654676258992805,0.5951940850277264,0.64030131826742,0.6484517304189436,0.6313868613138686,0.6361603241854479,0.02335878049660701,40,0.6045751633986928,0.5278688524590164,0.5573770491803278,0.5836065573770491,0.5672131147540984,0.5681281474338369,0.025710699630479894,39,0.74,0.6822033898305084,0.7522123893805309,0.7295081967213115,0.7119341563786008,0.7231716264621904,0.02437781506224522,12
