mean_fit_time,std_fit_time,mean_score_time,std_score_time,param_model__C,param_model__class_weight,param_model__gamma,params,split0_test_pr_auc,split1_test_pr_auc,split2_test_pr_auc,split3_test_pr_auc,split4_test_pr_auc,mean_test_pr_auc,std_test_pr_auc,rank_test_pr_auc,split0_test_roc_auc,split1_test_roc_auc,split2_test_roc_auc,split3_test_roc_auc,split4_test_roc_auc,mean_test_roc_auc,std_test_roc_auc,rank_test_roc_auc,split0_test_f1,split1_test_f1,split2_test_f1,split3_test_f1,split4_test_f1,mean_test_f1,std_test_f1,rank_test_f1,split0_test_recall,split1_test_recall,split2_test_recall,split3_test_recall,split4_test_recall,mean_test_recall,std_test_recall,rank_test_recall,split0_test_precision,split1_test_precision,split2_test_precision,split3_test_precision,split4_test_precision,mean_test_precision,std_test_precision,rank_test_precision
8.18265242576599,0.42363892377725915,2.2820475101470947,0.2373859187341521,28.34090429514775,,0.00627773091695805,"{'model__C': np.float64(28.34090429514775), 'model__class_weight': None, 'model__gamma': np.float64(0.00627773091695805)}",0.7252398285232334,0.6986572963195126,0.7223734051657974,0.7557353255097488,0.7244845410329771,0.7252980793102539,0.018140431257842093,1,0.914255250122648,0.8927374966528815,0.8976029672825363,0.9218132952505629,0.909908462507314,0.9072634943631886,0.010694929676266908,16,0.6678383128295254,0.6407079646017699,0.6535714285714286,0.66553480475382,0.6596491228070176,0.6574603267127124,0.009730938134311203,16,0.6209150326797386,0.5934426229508196,0.6,0.6426229508196721,0.6163934426229508,0.6146748098146362,0.017257743003585967,26,0.7224334600760456,0.6961538461538461,0.7176470588235294,0.6901408450704225,0.7094339622641509,0.707161834477599,0.012322458602220065,3
8.402038669586181,0.2469117391990347,2.4455496311187743,0.25521116517580783,75.56810141274431,,0.006295301484516136,"{'model__C': np.float64(75.56810141274431), 'model__class_weight': None, 'model__gamma': np.float64(0.006295301484516136)}",0.7209408863256753,0.7013974839806765,0.7237307581796909,0.749692700158693,0.7205078445820666,0.7232539346453604,0.015426155200662027,2,0.9141088638845368,0.8973748673549334,0.9042277825711822,0.9214146162466653,0.9145696349409419,0.910339152999652,0.008487580745288647,14,0.6654804270462633,0.6334519572953736,0.65,0.6632124352331606,0.6607773851590106,0.6545844409467616,0.011824688753394081,18,0.6111111111111112,0.5836065573770491,0.5967213114754099,0.6295081967213115,0.6131147540983607,0.6068123861566485,0.015579723827233454,29,0.73046875,0.6926070038910506,0.7137254901960784,0.7007299270072993,0.7164750957854407,0.7108012533759738,0.013115002106500708,2
6.707416677474976,0.22670749427701092,2.5235097885131834,0.2514180860359014,4.467752817973908,,0.005019072833961319,"{'model__C': np.float64(4.467752817973908), 'model__class_weight': None, 'model__gamma': np.float64(0.005019072833961319)}",0.7153997353949918,0.6805414751929668,0.7149007892565926,0.7525740048379728,0.7137188713356488,0.7154269752036345,0.022803925776631387,3,0.9077469971039264,0.8863764838892031,0.8992750389257487,0.9172294784445567,0.9014747156188946,0.9024205427964658,0.01015752233951772,19,0.6549295774647887,0.6088495575221239,0.6463195691202872,0.6745362563237775,0.6433566433566433,0.6455983207575241,0.02135646685514911,23,0.6078431372549019,0.5639344262295082,0.5901639344262295,0.6557377049180327,0.6032786885245902,0.6041915782706525,0.029961920850778142,32,0.7099236641221374,0.6615384615384615,0.7142857142857143,0.6944444444444444,0.6891385767790262,0.6938661722339567,0.018668509205016986,7
6.3519810199737545,0.2553011166162466,2.4835808753967283,0.3372538137128616,0.3807158379249394,,0.024637685958997457,"{'model__C': np.float64(0.3807158379249394), 'model__class_weight': None, 'model__gamma': np.float64(0.024637685958997457)}",0.7128869130115939,0.6846406032280371,0.7044980240600655,0.7477452712034945,0.7115225592222073,0.7122586741450796,0.020411862487094104,4,0.9026946936966878,0.8806660517886009,0.8904703817202702,0.9115230132992174,0.8966826336615988,0.896407354833275,0.010498817176849277,27,0.6643109540636042,0.6188811188811189,0.6458715596330276,0.6733333333333333,0.6609294320137694,0.6526652795849708,0.019071499890795374,20,0.6143790849673203,0.580327868852459,0.5770491803278689,0.6622950819672131,0.6295081967213115,0.6127118825672346,0.031824336822739156,27,0.7230769230769231,0.6629213483146067,0.7333333333333333,0.6847457627118644,0.6956521739130435,0.6999459082699542,0.025573668559535693,5
8.670566987991332,0.3982004365289226,3.17307562828064,0.21556357695099254,0.21618942406574443,,0.06796578090758151,"{'model__C': np.float64(0.21618942406574443), 'model__class_weight': None, 'model__gamma': np.float64(0.06796578090758151)}",0.7148893679013864,0.6818732571989004,0.6934815636865364,0.732572471448174,0.7084693769438257,0.7062572074357645,0.017491112661237488,5,0.9098023390147019,0.8845933374986363,0.8818561383673995,0.9091349062310948,0.8972499082641595,0.8965273258751985,0.011775933109984319,26,0.6522522522522523,0.6074600355239786,0.6317757009345795,0.6631762652705061,0.6514886164623468,0.6412305740887326,0.01968838279615419,30,0.5915032679738562,0.5606557377049181,0.5540983606557377,0.6229508196721312,0.6098360655737705,0.5878088503160828,0.02686072814230786,34,0.7269076305220884,0.6627906976744186,0.7347826086956522,0.7089552238805971,0.6992481203007519,0.7065368562147016,0.025240806403599478,4
6.195875787734986,0.3510833602585571,2.484957551956177,0.14430358288749226,0.358681649862755,,0.014413469371110328,"{'model__C': np.float64(0.358681649862755), 'model__class_weight': None, 'model__gamma': np.float64(0.014413469371110328)}",0.7054890239473548,0.6715536353753891,0.7047431260611713,0.7425120370082913,0.7058559513088992,0.7060307547402211,0.022456792877551035,6,0.8985266422953362,0.8804796048912559,0.8948241151210418,0.9118383862425992,0.8972062717562702,0.8965750040613006,0.009993054716510276,25,0.6501766784452296,0.6108202443280978,0.6423357664233577,0.6677852348993288,0.6376306620209059,0.6417497172233839,0.018562350169604187,29,0.6013071895424836,0.5737704918032787,0.5770491803278689,0.6524590163934426,0.6,0.6009171756134147,0.028157337636228314,33,0.7076923076923077,0.6529850746268657,0.7242798353909465,0.6838487972508591,0.6802973977695167,0.6898206825460993,0.024454228991509962,8
7.161890649795533,0.3486682537923034,2.710919666290283,0.22493081487647776,12.273800987852969,,0.0014926318309209366,"{'model__C': np.float64(12.273800987852969), 'model__class_weight': None, 'model__gamma': np.float64(0.0014926318309209366)}",0.7092818405811182,0.665458200934045,0.70971996173909,0.7443233508038656,0.6991643893538162,0.705589548682387,0.025230174405921794,7,0.9122236465207552,0.8863665665010464,0.904640345918499,0.918254936379955,0.9015738895004612,0.9046118769641434,0.01082768339223102,18,0.6597222222222222,0.5936395759717314,0.6548042704626335,0.6722129783693843,0.6363636363636364,0.6433485366779215,0.0273943680923643,26,0.6209150326797386,0.5508196721311476,0.6032786885245902,0.6622950819672131,0.5967213114754099,0.6068059573556199,0.03612953029817612,30,0.7037037037037037,0.6436781609195402,0.7159533073929961,0.6824324324324325,0.6816479400749064,0.6854831089047158,0.024625563521182725,10
7.902550554275512,0.23425801014801476,2.733725357055664,0.11924996332188308,56.78201970293127,,0.000533703276260396,"{'model__C': np.float64(56.78201970293127), 'model__class_weight': None, 'model__gamma': np.float64(0.000533703276260396)}",0.7032558906429233,0.6574710405854173,0.7088579147810327,0.7405571671514583,0.6893072374272746,0.6998898501176212,0.027044164549266437,8,0.9146627577584706,0.8868703698194044,0.9054456378368194,0.9171560897721975,0.8989993355349934,0.904626838144377,0.01100302880832829,17,0.6586206896551724,0.5940246045694201,0.6513274336283186,0.6710963455149501,0.64,0.6430138146735722,0.02649658517918246,27,0.6241830065359477,0.5540983606557377,0.6032786885245902,0.6622950819672131,0.6032786885245902,0.6094267652416158,0.035070316848269556,28,0.6970802919708029,0.6401515151515151,0.7076923076923077,0.6801346801346801,0.6814814814814815,0.6813080552861576,0.022978946480696955,11
8.472336101531983,0.257063094629024,2.5711061000823974,0.2268397945232055,48.696409415209004,,0.01913268395452648,"{'model__C': np.float64(48.696409415209004), 'model__class_weight': None, 'model__gamma': np.float64(0.01913268395452648)}",0.6944379203262315,0.6766418855628477,0.7111800790549018,0.7052957792852809,0.6928227425997372,0.6960756813657998,0.011866670353091377,9,0.905582854610771,0.8911150119504528,0.9012684339452361,0.9093649896363293,0.9041781956303987,0.9023018971546376,0.006170687157534804,20,0.6527050610820244,0.6054054054054054,0.635036496350365,0.6384479717813051,0.6515679442508711,0.6366325757739941,0.017101867248553268,32,0.6111111111111112,0.5508196721311476,0.5704918032786885,0.5934426229508196,0.6131147540983607,0.5877959927140255,0.024013338430130416,35,0.700374531835206,0.672,0.7160493827160493,0.6908396946564885,0.6951672862453532,0.6948861790906194,0.014270483204267692,6
7.069888353347778,1.0533865098441506,3.0910884857177736,0.2308416382934364,0.05415244119402541,,0.02796485951606245,"{'model__C': np.float64(0.05415244119402541), 'model__class_weight': None, 'model__gamma': np.float64(0.02796485951606245)}",0.693674425557815,0.6616501351941,0.6876337997766301,0.7168367368105868,0.7056103387180729,0.6930810872114409,0.01865069846789097,10,0.8908809286426435,0.8715440381621096,0.8893318655598861,0.9015044677833645,0.8904227782571182,0.8887368156810244,0.009658139713006816,30,0.6167883211678832,0.5971731448763251,0.6098484848484849,0.6515679442508711,0.6350877192982456,0.6220931228883619,0.019166126454498743,33,0.5522875816993464,0.5540983606557377,0.5278688524590164,0.6131147540983607,0.5934426229508196,0.5681624343726561,0.030767453075010533,36,0.6983471074380165,0.6475095785440613,0.7219730941704036,0.6951672862453532,0.6830188679245283,0.6892031868644726,0.02437068470620565,9
6.018741321563721,0.22967929105911603,2.599035358428955,0.29585928001779865,1.211537999246959,,0.0020013420622879987,"{'model__C': np.float64(1.211537999246959), 'model__class_weight': None, 'model__gamma': np.float64(0.0020013420622879987)}",0.7017704164485494,0.6420816821901727,0.7030533390416059,0.7296115441086126,0.6867652371209656,0.6926564437819813,0.028807471929862282,11,0.9087024640364619,0.8764452113891285,0.8986839625916119,0.908817549810082,0.9001438021282714,0.898558597991111,0.011829408829001239,24,0.674457429048414,0.609715242881072,0.6493055555555556,0.679549114331723,0.6463620981387479,0.6518778879911025,0.02486065934797928,21,0.6601307189542484,0.5967213114754099,0.6131147540983607,0.6918032786885245,0.6262295081967213,0.637599914282653,0.03419213723459555,24,0.689419795221843,0.6232876712328768,0.6900369003690037,0.6677215189873418,0.6678321678321678,0.6676596107286465,0.024261703749032585,13
6.67224497795105,0.18218125570967664,2.718810796737671,0.48159465911161214,50.72283440670043,,0.00029072088906598463,"{'model__C': np.float64(50.72283440670043), 'model__class_weight': None, 'model__gamma': np.float64(0.00029072088906598463)}",0.6937433504636723,0.6394295712526439,0.7016904927709019,0.7237620486522487,0.6722449651310636,0.6861740856541061,0.028600621136944487,12,0.9141405149630474,0.8831315144843452,0.9006654567453116,0.9128340920135273,0.8962383346721807,0.9014019825756824,0.01143659973794238,21,0.6644067796610169,0.6040955631399317,0.647887323943662,0.6644844517184942,0.6421052631578947,0.6445958763241999,0.022114879478011537,24,0.6405228758169934,0.580327868852459,0.6032786885245902,0.6655737704918033,0.6,0.6179406407371693,0.03075851892733987,25,0.6901408450704225,0.6298932384341637,0.6996197718631179,0.6633986928104575,0.690566037735849,0.674723717182802,0.025481399071951794,12
7.393542671203614,0.4463802429482265,3.2267719745635985,0.4035162603312164,0.0838639478040256,,0.005762487216478602,"{'model__C': np.float64(0.0838639478040256), 'model__class_weight': None, 'model__gamma': np.float64(0.005762487216478602)}",0.6880754458827215,0.6294737616164942,0.6898497196649984,0.7155393803710747,0.6844407918689889,0.6814758198808556,0.028238302133275096,13,0.8888809761192613,0.8575228347862306,0.8804419188162605,0.896024119087997,0.887336487062767,0.8820412671745034,0.013221592655183969,37,0.6677685950413224,0.6242038216560509,0.6575809199318569,0.6767830045523521,0.6429725363489499,0.6538617755061065,0.01860529044024243,19,0.6601307189542484,0.6426229508196721,0.6327868852459017,0.7311475409836066,0.6524590163934426,0.6638294224793743,0.03489426651878763,23,0.6755852842809364,0.6068111455108359,0.6843971631205674,0.6299435028248588,0.6337579617834395,0.6460990115041276,0.029301969499354347,14
13.036603927612305,0.3122031096302325,4.123098707199096,0.28149589446599926,0.12557036943140693,balanced,0.007742116473996248,"{'model__C': np.float64(0.12557036943140693), 'model__class_weight': 'balanced', 'model__gamma': np.float64(0.007742116473996248)}",0.6902584620093217,0.6062711298736803,0.7019976458368107,0.707341490244509,0.653666310076211,0.6719070076081065,0.037785225789397615,14,0.9209375840731772,0.8959130443406423,0.9222179246873543,0.9235190860135074,0.9095117669810479,0.9144198812191459,0.010513591745326682,12,0.6810228802153432,0.6351351351351351,0.6759002770083102,0.6614173228346457,0.6505376344086021,0.6608026499204073,0.016741360388970127,5,0.826797385620915,0.7704918032786885,0.8,0.8262295081967214,0.7934426229508197,0.8033922640094289,0.02127102521421239,8,0.5789473684210527,0.5402298850574713,0.5851318944844125,0.5514223194748359,0.55125284738041,0.5613968629636366,0.01744594787763524,18
9.639517879486084,0.22675045751221715,4.039860773086548,0.19119092262530032,0.012087541473056965,,0.07726718477963429,"{'model__C': np.float64(0.012087541473056965), 'model__class_weight': None, 'model__gamma': np.float64(0.07726718477963429)}",0.6668911489956719,0.6540879928137049,0.6504729574017244,0.6855890946272273,0.6885373573886758,0.6691157102454008,0.015664647894545126,15,0.8976779977527736,0.8738647069907669,0.8713635416976585,0.9065087818472127,0.8851526781906718,0.8869135412958167,0.013527913203293558,32,0.26301369863013696,0.2896174863387978,0.24649859943977592,0.24719101123595505,0.2542372881355932,0.26011161675605177,0.015910892138646594,35,0.1568627450980392,0.1737704918032787,0.14426229508196722,0.14426229508196722,0.14754098360655737,0.15333976213436196,0.011209395812048623,37,0.8135593220338984,0.8688524590163934,0.8461538461538461,0.8627450980392157,0.9183673469387755,0.8619356144364259,0.03412438515959882,1
6.55775146484375,0.20653732581494222,3.363234853744507,0.16256987819724883,2.801635158716261,,0.00015369603110608848,"{'model__C': np.float64(2.801635158716261), 'model__class_weight': None, 'model__gamma': np.float64(0.00015369603110608848)}",0.6806600134183142,0.6065358568407571,0.6878820503557339,0.699827285330309,0.6621490208911296,0.6674108453672487,0.0327990466096886,16,0.8851599962018705,0.8531274483552012,0.8785576150664961,0.8951018019894281,0.8813384507056222,0.8786570624637238,0.01394043424352106,39,0.6822429906542056,0.6296851574212894,0.6622516556291391,0.6676136363636364,0.6445783132530121,0.6572743506642565,0.018316442483080772,17,0.7156862745098039,0.6885245901639344,0.6557377049180327,0.7704918032786885,0.7016393442622951,0.7064159434265509,0.03769046333929543,22,0.6517857142857143,0.580110497237569,0.6688963210702341,0.5889724310776943,0.596100278551532,0.6171730484445487,0.036017503302002825,15
7.806475496292114,0.9359499473675188,2.8641034603118896,0.8177776135815539,0.027769194556163883,,0.00027012557725439106,"{'model__C': np.float64(0.027769194556163883), 'model__class_weight': None, 'model__gamma': np.float64(0.00027012557725439106)}",0.6790161799525471,0.5961111342654257,0.6880601909220107,0.696845700413228,0.6530399851695741,0.6626146381445571,0.03633907638249503,17,0.8897770972795898,0.856872254123154,0.8837682108040027,0.9030079438279135,0.8863368143365765,0.8839524640742473,0.015073781921306383,33,0.0,0.0,0.0,0.0,0.0,0.0,0.0,38,0.0,0.0,0.0,0.0,0.0,0.0,0.0,38,0.0,0.0,0.0,0.0,0.0,0.0,0.0,38
7.809172677993774,0.24633554499155247,3.3119640350341797,0.3963580092023269,0.06788387912421222,,0.0005488047000766049,"{'model__C': np.float64(0.06788387912421222), 'model__class_weight': None, 'model__gamma': np.float64(0.0005488047000766049)}",0.6788080119249316,0.598277301432537,0.6860557686438838,0.6937724578969675,0.6539418975589925,0.6621710874914625,0.03462960387804668,18,0.8862855876814003,0.8585939127071496,0.8793093530887706,0.8982257792587744,0.8878640921127012,0.8820557449697592,0.013199232676855617,36,0.0,0.0,0.0,0.0,0.0,0.0,0.0,38,0.0,0.0,0.0,0.0,0.0,0.0,0.0,38,0.0,0.0,0.0,0.0,0.0,0.0,0.0,38
10.696449899673462,0.09786305037416373,3.4573169231414793,0.15314522890510196,13.826232179369875,balanced,0.003387255565852149,"{'model__C': np.float64(13.826232179369875), 'model__class_weight': 'balanced', 'model__gamma': np.float64(0.003387255565852149)}",0.6527867929761202,0.618364904847856,0.6943462055128443,0.6930111174195788,0.6506860857997817,0.6618390213112362,0.028721929639668402,19,0.9243479877826838,0.9087461446153541,0.9273729830511837,0.9281227375958268,0.9157359197881646,0.9208651545666425,0.007487775662139512,1,0.6809078771695594,0.6379542395693136,0.6759002770083102,0.6631853785900783,0.6487935656836461,0.6613482676041815,0.016140727175886806,2,0.8333333333333334,0.7770491803278688,0.8,0.8327868852459016,0.7934426229508197,0.8073224043715846,0.022305794062179533,5,0.5756207674943566,0.541095890410959,0.5851318944844125,0.5509761388286334,0.5487528344671202,0.5603155051370964,0.01697301942701588,29
12.09681248664856,0.3173471367858699,3.4150196075439454,0.32870649651738265,13.145103232150124,balanced,0.00042079886696066364,"{'model__C': np.float64(13.145103232150124), 'model__class_weight': 'balanced', 'model__gamma': np.float64(0.00042079886696066364)}",0.6630073606439717,0.6275785718524088,0.6980089459760204,0.6820488136470005,0.6315995157202858,0.6604486415679375,0.027555777940970576,20,0.9223104496035701,0.9058482837959795,0.925397439330378,0.926571658088126,0.9095157339363105,0.917928712950873,0.00856033848556165,4,0.6810228802153432,0.6351351351351351,0.6759002770083102,0.6614173228346457,0.6505376344086021,0.6608026499204073,0.016741360388970127,5,0.826797385620915,0.7704918032786885,0.8,0.8262295081967214,0.7934426229508197,0.8033922640094289,0.02127102521421239,8,0.5789473684210527,0.5402298850574713,0.5851318944844125,0.5514223194748359,0.55125284738041,0.5613968629636366,0.01744594787763524,18
10.913704872131348,0.2886517112338177,3.3560250759124757,0.24308424415499094,1.4817820606039094,balanced,0.0015314189711654778,"{'model__C': np.float64(1.4817820606039094), 'model__class_weight': 'balanced', 'model__gamma': np.float64(0.0015314189711654778)}",0.6709541852683399,0.6202976481892747,0.6928715685927352,0.6802119298961319,0.6327181296659957,0.6594106923224955,0.0280281896571875,21,0.9216200604535599,0.9017444685767555,0.9245524778594308,0.9250086777146371,0.9109835073834955,0.9167818383975757,0.009068795390070926,7,0.6810228802153432,0.6351351351351351,0.6759002770083102,0.6614173228346457,0.6505376344086021,0.6608026499204073,0.016741360388970127,5,0.826797385620915,0.7704918032786885,0.8,0.8262295081967214,0.7934426229508197,0.8033922640094289,0.02127102521421239,8,0.5789473684210527,0.5402298850574713,0.5851318944844125,0.5514223194748359,0.55125284738041,0.5613968629636366,0.01744594787763524,18
13.200405311584472,0.44903351298010874,3.6388352394104,0.10901950131262649,85.68869785189007,balanced,0.00015339162591163628,"{'model__C': np.float64(85.68869785189007), 'model__class_weight': 'balanced', 'model__gamma': np.float64(0.00015339162591163628)}",0.6519050756927777,0.6252114585737746,0.6957489947067812,0.6890314816931794,0.6307535048758192,0.6585301031084664,0.029124362511961616,22,0.9220790010919623,0.9065087818472126,0.9277815794432379,0.9267382702091577,0.9100592068072952,0.918633367879773,0.0087381168379631,3,0.6810228802153432,0.6351351351351351,0.6759002770083102,0.6614173228346457,0.6505376344086021,0.6608026499204073,0.016741360388970127,5,0.826797385620915,0.7704918032786885,0.8,0.8262295081967214,0.7934426229508197,0.8033922640094289,0.02127102521421239,8,0.5789473684210527,0.5402298850574713,0.5851318944844125,0.5514223194748359,0.55125284738041,0.5613968629636366,0.01744594787763524,18
13.66152482032776,0.31800382259725596,5.973378276824951,0.6599142823643595,0.31489116479568624,balanced,0.000541675458324746,"{'model__C': np.float64(0.31489116479568624), 'model__class_weight': 'balanced', 'model__gamma': np.float64(0.000541675458324746)}",0.6805580566872895,0.591467411293305,0.6851021602844529,0.687998929086885,0.6421882083182109,0.6574629531340287,0.0369282677077395,23,0.9201997183054013,0.8959665982366886,0.9163210456894072,0.9118145845110233,0.9098806938204754,0.9108365281125991,0.008255111043031442,13,0.6810228802153432,0.6351351351351351,0.6759002770083102,0.6614173228346457,0.6505376344086021,0.6608026499204073,0.016741360388970127,5,0.826797385620915,0.7704918032786885,0.8,0.8262295081967214,0.7934426229508197,0.8033922640094289,0.02127102521421239,8,0.5789473684210527,0.5402298850574713,0.5851318944844125,0.5514223194748359,0.55125284738041,0.5613968629636366,0.01744594787763524,18
13.06237497329712,0.5334576330693138,5.500358581542969,0.31801011476083924,0.042070539502879395,balanced,0.006870614282613299,"{'model__C': np.float64(0.042070539502879395), 'model__class_weight': 'balanced', 'model__gamma': np.float64(0.006870614282613299)}",0.6775328778780969,0.5893223969334811,0.6851862198920671,0.6886161955236927,0.6425135419003254,0.6566342464255326,0.03743018148999522,24,0.9186804665368972,0.8920075768845517,0.9197365941705593,0.9131772336437477,0.9063818392788074,0.9099967421029127,0.010169217299945516,15,0.6810228802153432,0.6351351351351351,0.6759002770083102,0.6614173228346457,0.6505376344086021,0.6608026499204073,0.016741360388970127,5,0.826797385620915,0.7704918032786885,0.8,0.8262295081967214,0.7934426229508197,0.8033922640094289,0.02127102521421239,8,0.5789473684210527,0.5402298850574713,0.5851318944844125,0.5514223194748359,0.55125284738041,0.5613968629636366,0.01744594787763524,18
10.708762407302856,0.5411749611395966,3.5999528884887697,0.2570413573351201,2.69264691008618,balanced,0.006338653441536257,"{'model__C': np.float64(2.69264691008618), 'model__class_weight': 'balanced', 'model__gamma': np.float64(0.006338653441536257)}",0.650325446073887,0.610602883681579,0.6834648776916729,0.6879660116682114,0.6468888674609119,0.6558496173152524,0.0281145649166579,25,0.9230957919891121,0.9075282893497167,0.925865540051372,0.9278331498616523,0.9152221990816498,0.9199089940667007,0.0075322806990911016,2,0.6827956989247311,0.6370967741935484,0.6740331491712708,0.6623207301173403,0.6479250334672021,0.6608342771748186,0.016666381913871056,4,0.8300653594771242,0.7770491803278688,0.8,0.8327868852459016,0.7934426229508197,0.8066688096003428,0.021569793205203875,6,0.5799086757990868,0.5398633257403189,0.5823389021479713,0.5497835497835498,0.5475113122171946,0.5598811531376244,0.017669975247115652,31
14.80346508026123,0.5969928326896109,6.324865436553955,0.8594570513467226,0.03008686821445845,,0.24868826764613225,"{'model__C': np.float64(0.03008686821445845), 'model__class_weight': None, 'model__gamma': np.float64(0.24868826764613225)}",0.6644988650189121,0.642923743513227,0.6522563320936933,0.6548211932047099,0.6646012785343015,0.6558202824729689,0.008154070463859363,26,0.9054819667980187,0.8801900171570816,0.8772386024416611,0.8937153511251278,0.8868723532970356,0.888699658163785,0.010138164433286568,31,0.0,0.0,0.0,0.0,0.0,0.0,0.0,38,0.0,0.0,0.0,0.0,0.0,0.0,0.0,38,0.0,0.0,0.0,0.0,0.0,0.0,0.0,38
10.507595205307007,0.33917813452916074,3.360987329483032,0.16527850845234865,2.2233337605920376,balanced,0.0013296521457299515,"{'model__C': np.float64(2.2233337605920376), 'model__class_weight': 'balanced', 'model__gamma': np.float64(0.0013296521457299515)}",0.6678260684955312,0.6155938193665682,0.6865222942610198,0.6758048799018003,0.6317855129407467,0.6555065149931332,0.027134785020730363,27,0.9224607922264951,0.9021590154017037,0.9243164440213025,0.9249947933712177,0.9103626788848889,0.9168587447811216,0.009071674775408727,6,0.6810228802153432,0.6351351351351351,0.6759002770083102,0.6614173228346457,0.6505376344086021,0.6608026499204073,0.016741360388970127,5,0.826797385620915,0.7704918032786885,0.8,0.8262295081967214,0.7934426229508197,0.8033922640094289,0.02127102521421239,8,0.5789473684210527,0.5402298850574713,0.5851318944844125,0.5514223194748359,0.55125284738041,0.5613968629636366,0.01744594787763524,18
11.221307229995727,0.25727245291328593,3.28161416053772,0.2531833407734833,78.52755494724258,balanced,0.006672367170464205,"{'model__C': np.float64(78.52755494724258), 'model__class_weight': 'balanced', 'model__gamma': np.float64(0.006672367170464205)}",0.6132888963009255,0.64422681033101,0.6792040121266324,0.6572389588467,0.6719626625492692,0.6531842680309075,0.023315112845640765,28,0.9169752646821441,0.908254242162784,0.9230430513819881,0.9222298255531425,0.9174873305366298,0.9175979428633377,0.005268932529795251,5,0.6374695863746959,0.6188118811881188,0.6727037516170763,0.6518518518518519,0.6362515413070283,0.6434177224677542,0.018005487731750775,25,0.8562091503267973,0.819672131147541,0.8524590163934426,0.8655737704918033,0.8459016393442623,0.8479631415407693,0.01551112416311018,2,0.5077519379844961,0.4970178926441352,0.5555555555555556,0.5227722772277228,0.5098814229249012,0.5185958172673623,0.020211889025200963,34
12.152857637405395,0.4208861789744606,3.7258522510528564,0.5602160811969994,17.12337597316399,balanced,0.00011584172310543988,"{'model__C': np.float64(17.12337597316399), 'model__class_weight': 'balanced', 'model__gamma': np.float64(0.00011584172310543988)}",0.6698891730383452,0.6085974880643173,0.6899944911903931,0.656253376685425,0.6263073727116858,0.6502083803380333,0.029358251720013606,29,0.9214993907167385,0.9004056211756073,0.925103884640941,0.9232989199964298,0.907996390070711,0.9156608413200855,0.009726926818818643,8,0.6810228802153432,0.6351351351351351,0.6759002770083102,0.6614173228346457,0.6505376344086021,0.6608026499204073,0.016741360388970127,5,0.826797385620915,0.7704918032786885,0.8,0.8262295081967214,0.7934426229508197,0.8033922640094289,0.02127102521421239,8,0.5789473684210527,0.5402298850574713,0.5851318944844125,0.5514223194748359,0.55125284738041,0.5613968629636366,0.01744594787763524,18
12.424728775024414,0.39652319884466325,3.2785051822662354,0.20149247181317623,0.19986340778528885,balanced,0.0231841485499229,"{'model__C': np.float64(0.19986340778528885), 'model__class_weight': 'balanced', 'model__gamma': np.float64(0.0231841485499229)}",0.6649211874856716,0.5878739743107473,0.6848302941360107,0.669040135642436,0.6432237932554509,0.6499778769660634,0.03377536258727464,30,0.9205894222095619,0.8991203276705048,0.9194628742574356,0.9243422292305099,0.9131573988674343,0.9153344504470893,0.008870580826393458,10,0.6818791946308724,0.6369770580296896,0.6759002770083102,0.6631716906946264,0.6479250334672021,0.6611706507661401,0.016796345710624806,3,0.8300653594771242,0.7737704918032787,0.8,0.8295081967213115,0.7934426229508197,0.8053573341905068,0.021735411935803927,7,0.5785876993166287,0.5412844036697247,0.5851318944844125,0.5524017467248908,0.5475113122171946,0.5609834112825703,0.017528568218052043,28
9.882817888259888,0.3206402642923996,3.4591229438781737,0.2781035553865259,8.241925264876453,balanced,0.02653627132902631,"{'model__C': np.float64(8.241925264876453), 'model__class_weight': 'balanced', 'model__gamma': np.float64(0.02653627132902631)}",0.5914620914184681,0.6237584778544547,0.6729632018979758,0.6527779176884108,0.6610498788033318,0.6404023135325282,0.029366142367136278,31,0.9117449239582837,0.9087540785258794,0.919746511558716,0.9216605674729503,0.9153174060079537,0.9154446975047567,0.004808566384218611,9,0.6363636363636364,0.6223337515683814,0.6666666666666666,0.6508135168961201,0.6363636363636364,0.6425082415716881,0.015067378634012361,28,0.8464052287581699,0.8131147540983606,0.8327868852459016,0.8524590163934426,0.8262295081967214,0.8341990785385193,0.014088807700276046,4,0.5098425196850394,0.5040650406504065,0.5557986870897156,0.5263157894736842,0.5174537987679672,0.5226951671333625,0.018158722648774044,33
11.433108139038087,0.2125448703418355,2.7229992389678954,0.1419532769169175,0.9444574254983568,balanced,0.06960678239135189,"{'model__C': np.float64(0.9444574254983568), 'model__class_weight': 'balanced', 'model__gamma': np.float64(0.06960678239135189)}",0.6134350048261424,0.6089727658474944,0.652940741185729,0.6641760687463442,0.6546707117938501,0.638839058479912,0.02292956244099899,32,0.9159624301698079,0.9080578778772822,0.9161524500907441,0.9210853589598643,0.9144724445370066,0.915146112326941,0.004186899496922632,11,0.6455542021924482,0.6276463262764632,0.6718954248366014,0.6633416458852868,0.6416040100250626,0.6500083218431725,0.015794640180653057,22,0.8660130718954249,0.8262295081967214,0.8426229508196721,0.8721311475409836,0.839344262295082,0.8492681881495768,0.01718447148620788,1,0.5145631067961165,0.5060240963855421,0.558695652173913,0.5352112676056338,0.5192697768762677,0.5267527799674946,0.018580392289987657,32
18.542055702209474,0.6241670660988277,10.323981094360352,0.7637020437458573,0.049369486949604593,balanced,0.0010842262717330165,"{'model__C': np.float64(0.049369486949604593), 'model__class_weight': 'balanced', 'model__gamma': np.float64(0.0010842262717330165)}",0.6592714206889474,0.5536710534179765,0.6607430906620404,0.6423939329580587,0.5994518157663203,0.6231062626986688,0.04117582990826055,33,0.9105817468230228,0.8793926591492865,0.906869774776115,0.9001398351730089,0.895843622623546,0.8985655277089959,0.010870475070036254,23,0.6810228802153432,0.6351351351351351,0.6759002770083102,0.6614173228346457,0.6505376344086021,0.6608026499204073,0.016741360388970127,5,0.826797385620915,0.7704918032786885,0.8,0.8262295081967214,0.7934426229508197,0.8033922640094289,0.02127102521421239,8,0.5789473684210527,0.5402298850574713,0.5851318944844125,0.5514223194748359,0.55125284738041,0.5613968629636366,0.01744594787763524,18
11.553224134445191,0.21527843474849614,3.357381820678711,0.3470759077927287,7.707580772445939,balanced,0.12130221181165159,"{'model__C': np.float64(7.707580772445939), 'model__class_weight': 'balanced', 'model__gamma': np.float64(0.12130221181165159)}",0.6153912811896829,0.5961039045480276,0.6591882282705701,0.6361543876894941,0.5980022114791834,0.6209680026353916,0.023950627122591495,34,0.8850155881561664,0.8752333065563852,0.8809457221346185,0.8868386341773029,0.8828439102278024,0.8821754322504551,0.0039991023169396065,35,0.5923566878980892,0.5764895330112721,0.6268656716417911,0.6085526315789473,0.5993485342019544,0.6007226116664108,0.016756417679139428,34,0.6078431372549019,0.5868852459016394,0.6196721311475409,0.6065573770491803,0.6032786885245902,0.6048473159755705,0.010552449500632888,31,0.577639751552795,0.5664556962025317,0.6342281879194631,0.6105610561056105,0.5954692556634305,0.5968707894887662,0.0239994734705526,16
24.15252289772034,0.4467495860384866,7.303191041946411,0.5398489571407721,0.024079111954644575,balanced,0.0017535949529764421,"{'model__C': np.float64(0.024079111954644575), 'model__class_weight': 'balanced', 'model__gamma': np.float64(0.0017535949529764421)}",0.6458468391793052,0.5400174815496702,0.6484529217609575,0.6251103080325138,0.5841386325638517,0.6087132366172597,0.0413522161298307,35,0.9084156261374606,0.8758977715628812,0.9039381948370078,0.8979480923903881,0.8926621245028908,0.8957723618861257,0.011277762890173293,28,0.6810228802153432,0.6351351351351351,0.6759002770083102,0.6614173228346457,0.6505376344086021,0.6608026499204073,0.016741360388970127,5,0.826797385620915,0.7704918032786885,0.8,0.8262295081967214,0.7934426229508197,0.8033922640094289,0.02127102521421239,8,0.5789473684210527,0.5402298850574713,0.5851318944844125,0.5514223194748359,0.55125284738041,0.5613968629636366,0.01744594787763524,18
16.838385152816773,0.39675102808695056,8.717711257934571,1.0218156646216783,0.011384639705304647,balanced,0.06720930050156111,"{'model__C': np.float64(0.011384639705304647), 'model__class_weight': 'balanced', 'model__gamma': np.float64(0.06720930050156111)}",0.6454511066121676,0.5564364275337854,0.6245463939411418,0.6175644714946706,0.5973392406312853,0.6082675280426102,0.030132851154286922,36,0.9083404548259981,0.880342744934694,0.9065960548629912,0.9035871192962622,0.894328245713209,0.8986389239266309,0.010346520036325873,22,0.6837837837837838,0.6341463414634146,0.6815642458100558,0.662269129287599,0.6522911051212938,0.6628109210932294,0.01856968685341576,1,0.826797385620915,0.7672131147540984,0.8,0.8229508196721311,0.7934426229508197,0.8020807885995929,0.02163871822290204,18,0.5829493087557603,0.5404157043879908,0.5936739659367397,0.5540838852097131,0.5537757437070938,0.5649797215994596,0.01996950191399626,17
21.304276275634766,0.10818522686723757,10.724809408187866,0.9490598639324533,0.030771802712506867,balanced,0.215168972980833,"{'model__C': np.float64(0.030771802712506867), 'model__class_weight': 'balanced', 'model__gamma': np.float64(0.215168972980833)}",0.6297333139221162,0.5610412110010992,0.6201971533817195,0.5791521648865943,0.5959911879322873,0.5972230062247632,0.025384745548254626,37,0.9020913450125814,0.874872313627483,0.8963097398669088,0.89576031656303,0.8888538474507355,0.8915775125041477,0.009347860936656719,29,0.6763925729442971,0.6378378378378379,0.6731843575418994,0.6605504587155964,0.6486486486486487,0.6593227751376559,0.014564121518012878,15,0.8333333333333334,0.7737704918032787,0.7901639344262295,0.8262295081967214,0.7868852459016393,0.8020765027322405,0.02338491374643844,19,0.5691964285714286,0.542528735632184,0.5863746958637469,0.5502183406113537,0.5517241379310345,0.5600084677219496,0.01580894907230152,30
25.680194330215453,0.3240197205311576,13.513897895812988,0.8498288392100969,0.010672476836323726,balanced,0.0014618962793704966,"{'model__C': np.float64(0.010672476836323726), 'model__class_weight': 'balanced', 'model__gamma': np.float64(0.0014618962793704966)}",0.5832884326463521,0.48493195886439355,0.5974627967827864,0.552968349315309,0.5213740890035832,0.5480051253224849,0.04099522669008499,38,0.8949797433097533,0.862414090625093,0.8920055934069204,0.8848710243670227,0.877315958069283,0.8823172819556145,0.011677955063980379,34,0.6477132262051916,0.6209476309226932,0.6459143968871596,0.6427688504326329,0.630272952853598,0.637523411460255,0.01028670249807829,31,0.8562091503267973,0.8163934426229508,0.8163934426229508,0.8524590163934426,0.8327868852459016,0.8348483874424086,0.01704016555634801,3,0.5208747514910537,0.5010060362173038,0.5343347639484979,0.5158730158730159,0.5069860279441117,0.5158149190947967,0.01153986363480054,35
25.746503114700317,0.7057019534459262,13.729723453521729,0.447720401364264,0.01129951608310662,balanced,0.7286653737491037,"{'model__C': np.float64(0.01129951608310662), 'model__class_weight': 'balanced', 'model__gamma': np.float64(0.7286653737491037)}",0.553713128138503,0.5222453434288411,0.5781659083481392,0.5331274582369001,0.5498119323378209,0.5474127540980409,0.019124201961069013,39,0.8851263669309531,0.865325835787887,0.8847163131117789,0.889768230638779,0.8826098598673053,0.8815093212673407,0.008422514915419049,38,0.0,0.2695536897923111,0.2695536897923111,0.2695536897923111,0.2695536897923111,0.21564295183384888,0.10782147591692443,36,0.0,1.0,1.0,1.0,1.0,0.8,0.4000000000000001,20,0.0,0.1557711950970378,0.1557711950970378,0.1557711950970378,0.1557711950970378,0.12461695607763024,0.062308478038815125,36
25.47737064361572,0.9442835423287834,15.066480922698975,0.8133450209579124,0.045821336908433555,balanced,0.8862326508576243,"{'model__C': np.float64(0.045821336908433555), 'model__class_weight': 'balanced', 'model__gamma': np.float64(0.8862326508576243)}",0.5247627473762209,0.4972344731529383,0.5453986237276384,0.5158781717788684,0.5285409488055547,0.5223629929682441,0.015799124393433377,40,0.8776883634809857,0.8566183689863438,0.8766237243759483,0.8838058968789979,0.8747493380143406,0.8738971383473233,0.009157218681750795,40,0.0,0.2695536897923111,0.2695536897923111,0.2695536897923111,0.2695536897923111,0.21564295183384888,0.10782147591692443,36,0.0,1.0,1.0,1.0,1.0,0.8,0.4000000000000001,20,0.0,0.1557711950970378,0.1557711950970378,0.1557711950970378,0.1557711950970378,0.12461695607763024,0.062308478038815125,36
