mean_fit_time,std_fit_time,mean_score_time,std_score_time,param_model__class_weight,param_model__l2_regularization,param_model__learning_rate,param_model__max_iter,param_model__max_leaf_nodes,param_model__min_samples_leaf,params,split0_test_pr_auc,split1_test_pr_auc,split2_test_pr_auc,split3_test_pr_auc,split4_test_pr_auc,mean_test_pr_auc,std_test_pr_auc,rank_test_pr_auc,split0_test_roc_auc,split1_test_roc_auc,split2_test_roc_auc,split3_test_roc_auc,split4_test_roc_auc,mean_test_roc_auc,std_test_roc_auc,rank_test_roc_auc,split0_test_f1,split1_test_f1,split2_test_f1,split3_test_f1,split4_test_f1,mean_test_f1,std_test_f1,rank_test_f1,split0_test_recall,split1_test_recall,split2_test_recall,split3_test_recall,split4_test_recall,mean_test_recall,std_test_recall,rank_test_recall,split0_test_precision,split1_test_precision,split2_test_precision,split3_test_precision,split4_test_precision,mean_test_precision,std_test_precision,rank_test_precision
3.1219546794891357,0.14198524766420054,0.49406681060791013,0.0985507040583413,,0.014926318309209369,0.02077730198812756,180,15,44,"{'model__class_weight': None, 'model__l2_regularization': np.float64(0.014926318309209369), 'model__learning_rate': np.float64(0.02077730198812756), 'model__max_iter': 180, 'model__max_leaf_nodes': 15, 'model__min_samples_leaf': 44}",0.7592608543438074,0.7275913640939922,0.7493779283839518,0.7812156704931262,0.7396193683282924,0.751413037128634,0.01822355392367434,1,0.9375474766177656,0.9232761100036694,0.9369135104578857,0.941582616802039,0.9297005940515505,0.933804061586582,0.006509438684895452,1,0.672566371681416,0.6287744227353463,0.6373626373626373,0.6818980667838312,0.6363636363636364,0.6513930269853734,0.021509084835802807,20,0.6209150326797386,0.580327868852459,0.5704918032786885,0.6360655737704918,0.5737704918032787,0.5963141540769313,0.026892193738770543,23,0.7335907335907336,0.686046511627907,0.7219917012448133,0.7348484848484849,0.7142857142857143,0.7181526291195306,0.017762775423265834,5
5.304619359970093,0.2596791470629217,0.5487549304962158,0.05181591873115525,,0.5131654955148326,0.0209188977086608,246,27,61,"{'model__class_weight': None, 'model__l2_regularization': np.float64(0.5131654955148326), 'model__learning_rate': np.float64(0.0209188977086608), 'model__max_iter': 246, 'model__max_leaf_nodes': 27, 'model__min_samples_leaf': 61}",0.75027954743964,0.7265594913055582,0.7547815586921094,0.7841674217055169,0.7410271884148693,0.7513630415115388,0.01903172898653873,2,0.9347433888809761,0.9220394117005346,0.9343944938660955,0.9418702210585821,0.929367369809487,0.932482977063135,0.006567477049007241,3,0.6714542190305206,0.6289752650176679,0.6360294117647058,0.6808510638297872,0.6459854014598541,0.6526590722205071,0.02014970047631367,18,0.6111111111111112,0.5836065573770491,0.5672131147540984,0.6295081967213115,0.580327868852459,0.5943533697632059,0.022651648274497123,24,0.7450199203187251,0.6819923371647509,0.7238493723849372,0.7413127413127413,0.7283950617283951,0.7241138865819099,0.02247436853108244,1
5.639021301269532,0.8064650045719601,0.8280285835266114,0.33039433689718684,,0.23484801595128688,0.024895501890622528,283,24,47,"{'model__class_weight': None, 'model__l2_regularization': np.float64(0.23484801595128688), 'model__learning_rate': np.float64(0.024895501890622528), 'model__max_iter': 283, 'model__max_leaf_nodes': 24, 'model__min_samples_leaf': 47}",0.7466824910143257,0.7265454177916932,0.7509147940261545,0.7808363440791781,0.7412772566495204,0.7492512607121744,0.017810802652708662,3,0.9324269255724889,0.9221227177610505,0.9336229210675077,0.9416996419822874,0.9270516596749081,0.9313847732116486,0.006588678914860383,4,0.6666666666666666,0.6159292035398231,0.6259259259259259,0.6891651865008881,0.6473779385171791,0.6490129842300966,0.026661110371293387,23,0.6176470588235294,0.5704918032786885,0.5540983606557377,0.6360655737704918,0.5868852459016394,0.5930376084860173,0.030064799223812614,26,0.7241379310344828,0.6692307692307692,0.7191489361702128,0.751937984496124,0.7217741935483871,0.7172459628959952,0.026760495475078718,7
4.383725881576538,0.22494401406422035,0.5042121410369873,0.0609951542759892,,0.0012637946338082875,0.026786758353345652,162,39,61,"{'model__class_weight': None, 'model__l2_regularization': np.float64(0.0012637946338082875), 'model__learning_rate': np.float64(0.026786758353345652), 'model__max_iter': 162, 'model__max_leaf_nodes': 39, 'model__min_samples_leaf': 61}",0.745838057328756,0.7206101608067694,0.7501759743256528,0.7823498777843224,0.7462044822424934,0.7490357104975989,0.01968444389893655,4,0.9334714111633353,0.9203494887586405,0.932492338817649,0.9411164995586764,0.9294338163101366,0.9313727109216876,0.006721164564308966,5,0.6678507992895204,0.624113475177305,0.643510054844607,0.6773049645390071,0.6581352833638026,0.6541829154428485,0.018735755157806996,16,0.6143790849673203,0.5770491803278689,0.5770491803278689,0.6262295081967213,0.5901639344262295,0.5969741776492017,0.01999597766283614,22,0.7315175097276264,0.6795366795366795,0.7272727272727273,0.7374517374517374,0.743801652892562,0.7239160613762665,0.022878942424053417,2
3.825576591491699,0.4455594900010415,0.5681169033050537,0.08393545014029966,balanced,1.5352246941973489,0.032867452853300214,171,28,33,"{'model__class_weight': 'balanced', 'model__l2_regularization': np.float64(1.5352246941973489), 'model__learning_rate': np.float64(0.032867452853300214), 'model__max_iter': 171, 'model__max_leaf_nodes': 28, 'model__min_samples_leaf': 33}",0.7526770130737939,0.7205450353394649,0.7470851136355658,0.7785751752146932,0.7387239702976195,0.7475212615122274,0.018953768314579345,5,0.933245897228948,0.9216050300992731,0.932222585859788,0.9402040998482639,0.9280672002221493,0.9310689626516846,0.00613346915375387,6,0.6504481434058899,0.6442432082794308,0.6884353741496598,0.6709677419354839,0.6542553191489362,0.6616699573838801,0.01604639452135624,12,0.8300653594771242,0.8163934426229508,0.8295081967213115,0.8524590163934426,0.8065573770491803,0.826996678452802,0.015454765171797401,2,0.5347368421052632,0.532051282051282,0.5883720930232558,0.5531914893617021,0.5503355704697986,0.5517374554022604,0.020113390780370832,39
7.05252857208252,0.34586486541396844,0.9065752983093261,0.2225708359251104,balanced,1.6172900811143154,0.024474191622376084,426,16,10,"{'model__class_weight': 'balanced', 'model__l2_regularization': np.float64(1.6172900811143154), 'model__learning_rate': np.float64(0.024474191622376084), 'model__max_iter': 426, 'model__max_leaf_nodes': 16, 'model__min_samples_leaf': 10}",0.7503776232465972,0.716342017147417,0.7496648528493774,0.7745741544639736,0.7417915911720673,0.7465500477758865,0.01868085075148401,6,0.9320629381696182,0.9219045352216041,0.932486388384755,0.9388692194023782,0.9274701734551188,0.9305586509266949,0.005647601472040729,8,0.6529562982005142,0.6491458607095927,0.6902173913043478,0.6589446589446589,0.6469002695417789,0.6596328957401785,0.015827568778236,13,0.8300653594771242,0.8098360655737705,0.8327868852459016,0.839344262295082,0.7868852459016393,0.8197835636987035,0.019176416026408655,3,0.538135593220339,0.5416666666666666,0.5893271461716937,0.5423728813559322,0.5491990846681922,0.5521402744165648,0.018935382488747755,38
8.77709503173828,0.31158653320307395,0.7990140438079834,0.2561054088626202,,0.044070507657925036,0.021872613243709878,323,40,10,"{'model__class_weight': None, 'model__l2_regularization': np.float64(0.044070507657925036), 'model__learning_rate': np.float64(0.021872613243709878), 'model__max_iter': 323, 'model__max_leaf_nodes': 40, 'model__min_samples_leaf': 10}",0.7405788335705292,0.7251791214325427,0.7533551997049336,0.7715692255127697,0.7395148018706246,0.7460394364182801,0.015574545286594882,7,0.9325416607320894,0.9229061914254261,0.9327442404768279,0.9388335168050141,0.9264010790118314,0.9306853376902378,0.005530783449741091,7,0.6511627906976745,0.6215722120658135,0.6372007366482505,0.664323374340949,0.6594594594594595,0.6467437146424293,0.015588045454845116,27,0.5947712418300654,0.5573770491803278,0.5672131147540984,0.6196721311475409,0.6,0.5878067073824065,0.02263911001916162,30,0.7193675889328063,0.7024793388429752,0.726890756302521,0.7159090909090909,0.732,0.7193293549974786,0.010132549009513521,3
3.288436937332153,0.1026917380299405,0.4271398067474365,0.018056841201942373,balanced,0.009277034327414719,0.025735188111421746,239,12,46,"{'model__class_weight': 'balanced', 'model__l2_regularization': np.float64(0.009277034327414719), 'model__learning_rate': np.float64(0.025735188111421746), 'model__max_iter': 239, 'model__max_leaf_nodes': 12, 'model__min_samples_leaf': 46}",0.7538232482904201,0.7142364470228352,0.7471495723999444,0.7759235306552364,0.7373810432291628,0.7457027683195199,0.020202526562697363,8,0.935843263859216,0.9220969325518431,0.9356837543264606,0.9405938532028204,0.9289369551634882,0.9326309518207656,0.0064444941376882075,2,0.6461916461916462,0.635678391959799,0.6710700132100397,0.6633416458852868,0.6527415143603134,0.6538046423214169,0.012463517739423377,17,0.8594771241830066,0.8295081967213115,0.8327868852459016,0.8721311475409836,0.819672131147541,0.8427150969677488,0.01974963019196353,1,0.5177165354330708,0.515274949083503,0.5619469026548672,0.5352112676056338,0.5422993492407809,0.5344898008035711,0.01712282080164061,40
5.780519962310791,0.15611238177726458,0.48531146049499513,0.04072151381044419,balanced,0.023134781612225618,0.027194758854693912,250,38,51,"{'model__class_weight': 'balanced', 'model__l2_regularization': np.float64(0.023134781612225618), 'model__learning_rate': np.float64(0.027194758854693912), 'model__max_iter': 250, 'model__max_leaf_nodes': 38, 'model__min_samples_leaf': 51}",0.7455736629391763,0.7232840998520873,0.7465747981261034,0.7746954062072029,0.7364542563962806,0.74531644470417,0.01690405628739556,9,0.9293132507240185,0.9204724643717831,0.9315799391072368,0.9384943421300566,0.9267501710749457,0.9293220334816082,0.005901843958659888,12,0.6596026490066225,0.6417112299465241,0.6934097421203438,0.6666666666666666,0.6575342465753424,0.6637849068630999,0.016910024547662144,10,0.8137254901960784,0.7868852459016393,0.7934426229508197,0.8229508196721311,0.7868852459016393,0.8007778849244616,0.014826303813512362,6,0.5545657015590201,0.5417607223476298,0.6157760814249363,0.5602678571428571,0.5647058823529412,0.5674152489654769,0.025378973966713812,35
6.001073217391967,0.373484365064171,0.6465281009674072,0.06146280510635279,,0.1537592023548176,0.03299405583450012,290,25,53,"{'model__class_weight': None, 'model__l2_regularization': np.float64(0.1537592023548176), 'model__learning_rate': np.float64(0.03299405583450012), 'model__max_iter': 290, 'model__max_leaf_nodes': 25, 'model__min_samples_leaf': 53}",0.7405526626909573,0.7185312682850933,0.7529855315542737,0.7760139325319058,0.7382655209648483,0.7452697832054157,0.018926143748895553,10,0.9309333903052748,0.9198675036942271,0.9338331696964288,0.9395594696180813,0.9267898406275723,0.9301966747883169,0.006629133676185916,10,0.6606822262118492,0.6120996441281139,0.6346863468634686,0.6784452296819788,0.6521739130434783,0.6476174719857777,0.022673904363082663,26,0.6013071895424836,0.5639344262295082,0.5639344262295082,0.6295081967213115,0.5901639344262295,0.5897696346298081,0.024687405489304017,28,0.7330677290836654,0.669260700389105,0.7257383966244726,0.735632183908046,0.728744939271255,0.7184887898553087,0.024849915976975948,4
3.788209390640259,0.29144550878641995,0.5033134937286377,0.07955820652583963,,0.00541524411940254,0.0455875904753014,121,51,58,"{'model__class_weight': None, 'model__l2_regularization': np.float64(0.00541524411940254), 'model__learning_rate': np.float64(0.0455875904753014), 'model__max_iter': 121, 'model__max_leaf_nodes': 51, 'model__min_samples_leaf': 58}",0.7389249609908347,0.7205943829569534,0.7471962258940348,0.7757130990453326,0.7367840825374057,0.7438425502849123,0.01811883524897857,11,0.9309492158445299,0.9206470104033402,0.9316731625559092,0.9388216159392263,0.9275118264853769,0.9299205662456764,0.005918771235056882,11,0.6619217081850534,0.624561403508772,0.6346863468634686,0.6736842105263158,0.644927536231884,0.6479562410630987,0.017829998619472535,25,0.6078431372549019,0.5836065573770491,0.5639344262295082,0.6295081967213115,0.5836065573770491,0.593699774991964,0.02268038726936641,25,0.7265625,0.6716981132075471,0.7257383966244726,0.7245283018867924,0.7206477732793523,0.7138350169996328,0.02116581168302309,9
5.838728952407837,0.2179880078974774,0.6492798328399658,0.10937808508693751,,0.036664218320637224,0.03276093330479882,487,9,15,"{'model__class_weight': None, 'model__l2_regularization': np.float64(0.036664218320637224), 'model__learning_rate': np.float64(0.03276093330479882), 'model__max_iter': 487, 'model__max_leaf_nodes': 9, 'model__min_samples_leaf': 15}",0.7425412149553863,0.7187849403613904,0.7472900468814898,0.7678273912435596,0.7407884861292312,0.7434464159142115,0.01565425062392344,12,0.9337394562344712,0.920771969494114,0.9340612696240319,0.9368916922039411,0.926758104985471,0.9304444985084057,0.005876247118789134,9,0.6783216783216783,0.6142857142857143,0.643510054844607,0.6735751295336787,0.648936170212766,0.651725749439689,0.023072817191930717,19,0.6339869281045751,0.5639344262295082,0.5770491803278689,0.639344262295082,0.6,0.6028629593914069,0.029965197513659125,21,0.7293233082706767,0.6745098039215687,0.7272727272727273,0.7116788321167883,0.7065637065637066,0.7098696756290936,0.019727306127779,10
5.815154695510865,0.17711500728628576,0.4185689926147461,0.04627771932686258,balanced,0.008207295819490819,0.03212128835844049,211,59,69,"{'model__class_weight': 'balanced', 'model__l2_regularization': np.float64(0.008207295819490819), 'model__learning_rate': np.float64(0.03212128835844049), 'model__max_iter': 211, 'model__max_leaf_nodes': 59, 'model__min_samples_leaf': 69}",0.739398632789297,0.7174007987931035,0.7455661775972932,0.7746395951706743,0.7365243466836734,0.7427059102068083,0.01853342839349189,13,0.9295130481571159,0.9197544454692412,0.9314688643598823,0.9377168188985749,0.927238106572253,0.9291382566914136,0.0058451760250302,14,0.664,0.6484268125854993,0.6969253294289898,0.6721311475409836,0.6657263751763046,0.6694419329463555,0.015796355559901294,4,0.8137254901960784,0.7770491803278688,0.780327868852459,0.8065573770491803,0.7737704918032787,0.7902860816457731,0.01650034662469507,7,0.5608108108108109,0.5563380281690141,0.6296296296296297,0.5761124121779859,0.5841584158415841,0.5814098593258049,0.026129222241144837,33
5.649739074707031,0.2343661920076975,0.6929133415222168,0.09557492320531087,balanced,0.2801635158716261,0.029180149047462245,287,23,24,"{'model__class_weight': 'balanced', 'model__l2_regularization': np.float64(0.2801635158716261), 'model__learning_rate': np.float64(0.029180149047462245), 'model__max_iter': 287, 'model__max_leaf_nodes': 23, 'model__min_samples_leaf': 24}",0.7447997941265388,0.7126326659837391,0.7456453556736827,0.7715142769176686,0.7343047236888944,0.7417793632781048,0.019045388885623377,14,0.9305476427859279,0.9202423809665485,0.9307052254718197,0.9376890502117362,0.9225332976307359,0.9283435194133537,0.006279520404444121,17,0.6519480519480519,0.6455862977602108,0.6839945280437757,0.665785997357992,0.6422764227642277,0.6579182595748516,0.015324886917708105,15,0.8202614379084967,0.8032786885245902,0.819672131147541,0.8262295081967214,0.7770491803278688,0.8092981892210436,0.017836558066847405,5,0.540948275862069,0.539647577092511,0.5868544600938967,0.5575221238938053,0.5473441108545035,0.5544633095593572,0.017386132592678655,36
5.701052808761597,0.24218628051022278,0.6468731880187988,0.1414743474162581,,0.008789004341405478,0.040011949480111095,382,16,24,"{'model__class_weight': None, 'model__l2_regularization': np.float64(0.008789004341405478), 'model__learning_rate': np.float64(0.040011949480111095), 'model__max_iter': 382, 'model__max_leaf_nodes': 16, 'model__min_samples_leaf': 24}",0.7377798846944423,0.7125865306522235,0.7515385953132021,0.7669927985738985,0.7396970359152579,0.7417189690298048,0.01790807128036884,15,0.9299403377170077,0.9209603998690905,0.9333134985570201,0.9365088810210943,0.9248718177580753,0.9291189869844576,0.005612130939090835,15,0.6525573192239859,0.6115107913669064,0.6495412844036698,0.6596491228070176,0.6404293381037567,0.6427375711810672,0.016787842393471978,30,0.6045751633986928,0.5573770491803278,0.580327868852459,0.6163934426229508,0.5868852459016394,0.589111753991214,0.02035982824554375,29,0.7088122605363985,0.6772908366533864,0.7375,0.7094339622641509,0.7047244094488189,0.707552293780551,0.019108877609987026,12
10.751711368560791,0.35832617371820885,0.8284012794494628,0.0959810743689411,balanced,1.2164139351417065,0.024440678788136116,330,48,37,"{'model__class_weight': 'balanced', 'model__l2_regularization': np.float64(1.2164139351417065), 'model__learning_rate': np.float64(0.024440678788136116), 'model__max_iter': 330, 'model__max_leaf_nodes': 48, 'model__min_samples_leaf': 37}",0.7384355777040307,0.7211386206519809,0.7457506350927149,0.7725234844102565,0.7295837655659769,0.741486416684992,0.017586907955414947,16,0.9274774881704093,0.9213352771414121,0.9296083623416938,0.9373974789999306,0.9243223944541966,0.9280282002215285,0.0054609851978963545,19,0.6585034013605442,0.6527196652719666,0.6881405563689604,0.677731673582296,0.6486486486486487,0.6651487890464831,0.015217419467830047,7,0.7908496732026143,0.7672131147540984,0.7704918032786885,0.8032786885245902,0.7475409836065574,0.7758748526733098,0.01940116764582331,9,0.5641025641025641,0.5679611650485437,0.6216931216931217,0.5861244019138756,0.5728643216080402,0.5825491148732291,0.020937596248617105,32
5.001996183395386,0.19521693980507263,0.4511408805847168,0.0962187322744537,balanced,2.512779099948728,0.06754994580014906,132,55,32,"{'model__class_weight': 'balanced', 'model__l2_regularization': np.float64(2.512779099948728), 'model__learning_rate': np.float64(0.06754994580014906), 'model__max_iter': 132, 'model__max_leaf_nodes': 55, 'model__min_samples_leaf': 32}",0.7371008388551921,0.7194574153403002,0.7417870928099631,0.7690596196888947,0.732647647917177,0.7400105229223054,0.016322466998033355,17,0.9283340454825999,0.9216407326966369,0.9288645582299445,0.9366616087987066,0.925379588031696,0.9281761066479168,0.0049605299326038466,18,0.6750348675034867,0.6609929078014184,0.6875,0.675177304964539,0.660844250363901,0.6719098661266691,0.010051088454860933,2,0.7908496732026143,0.7639344262295082,0.7573770491803279,0.780327868852459,0.7442622950819672,0.7673502625093753,0.016521668988647403,10,0.5888077858880778,0.5825,0.6294277929155313,0.595,0.5942408376963351,0.5979952832999887,0.01634370923511515,30
2.3276965618133545,0.16021534819021058,0.3912379741668701,0.05550225283855433,balanced,0.0015339162591163618,0.10364734587283783,120,16,48,"{'model__class_weight': 'balanced', 'model__l2_regularization': np.float64(0.0015339162591163618), 'model__learning_rate': np.float64(0.10364734587283783), 'model__max_iter': 120, 'model__max_leaf_nodes': 16, 'model__min_samples_leaf': 48}",0.7431644597052076,0.7072912569474293,0.745287387769215,0.7633857938948714,0.7373563010300185,0.7392970398693482,0.018216727929778565,18,0.9316771906502714,0.9186436979956959,0.9308877054139022,0.9349419336923427,0.9256929774974462,0.9283687010499317,0.005696210226575867,16,0.6477419354838709,0.6420079260237781,0.6767123287671233,0.6701434159061278,0.6532797858099063,0.6579770783981613,0.013273024602081735,14,0.8202614379084967,0.7967213114754098,0.8098360655737705,0.8426229508196721,0.8,0.8138883531554699,0.01655480607106952,4,0.535181236673774,0.5376106194690266,0.5811764705882353,0.5562770562770563,0.5520361990950227,0.552456316420623,0.016482990658662985,37
5.602645349502564,0.22441451819372776,0.6646266460418702,0.06111660125316769,,0.3143519744713589,0.044537126109588494,233,35,37,"{'model__class_weight': None, 'model__l2_regularization': np.float64(0.3143519744713589), 'model__learning_rate': np.float64(0.044537126109588494), 'model__max_iter': 233, 'model__max_leaf_nodes': 35, 'model__min_samples_leaf': 37}",0.7320709881303284,0.7111543735723455,0.7482570514179555,0.7694804726318829,0.7342479480801368,0.7390421667665299,0.019291010531977088,19,0.9297899950940828,0.919956760187637,0.9317227494966925,0.9374708676722898,0.9273769500064464,0.9292634644914297,0.005724691539045927,13,0.6546112115732369,0.6189624329159212,0.6494464944649446,0.6654867256637168,0.6378378378378379,0.6452689404911315,0.015879184178721882,28,0.5915032679738562,0.5672131147540984,0.5770491803278689,0.6163934426229508,0.580327868852459,0.5864973749062466,0.016840710826330603,32,0.7327935222672065,0.6811023622047244,0.7426160337552743,0.7230769230769231,0.708,0.7175177682608258,0.021498118543073232,6
6.519464302062988,0.4723176123599322,0.4638965606689453,0.06229734766658215,balanced,0.015977662354833867,0.043254212679768214,180,56,11,"{'model__class_weight': 'balanced', 'model__l2_regularization': np.float64(0.015977662354833867), 'model__learning_rate': np.float64(0.043254212679768214), 'model__max_iter': 180, 'model__max_leaf_nodes': 56, 'model__min_samples_leaf': 11}",0.729832581074196,0.7108724896281463,0.7502011692125203,0.7670655581241872,0.729122741566402,0.7374189079210903,0.01935665842744402,20,0.9259780183259744,0.9197524619916098,0.9291224103220177,0.9362153263316574,0.9219660230281754,0.926606847999887,0.005789062106696492,20,0.6676176890156919,0.6676427525622255,0.688622754491018,0.6936416184971098,0.6480117820324006,0.673107319319689,0.016444875759473267,1,0.7647058823529411,0.7475409836065574,0.7540983606557377,0.7868852459016393,0.7213114754098361,0.7549083895853423,0.02145785480537893,11,0.5924050632911393,0.6031746031746031,0.6336088154269972,0.6201550387596899,0.5882352941176471,0.6075157629540153,0.017085163571542956,28
5.369261026382446,0.6438109640563673,0.5678106784820557,0.06195883985018288,balanced,0.004007469039971234,0.07919871493389351,448,10,29,"{'model__class_weight': 'balanced', 'model__l2_regularization': np.float64(0.004007469039971234), 'model__learning_rate': np.float64(0.07919871493389351), 'model__max_iter': 448, 'model__max_leaf_nodes': 10, 'model__min_samples_leaf': 29}",0.7261024105791247,0.6931167409937673,0.7403310559858405,0.75525349843282,0.7330234046305217,0.7295654221244148,0.020631202509808752,21,0.926452784503632,0.9163964178393977,0.9287118304523321,0.9318179564229965,0.9217141213689962,0.9250186221174708,0.005425673937168676,23,0.6576819407008087,0.6461538461538462,0.6924177396280401,0.6712328767123288,0.6471408647140865,0.6629254535818221,0.017301691848349142,11,0.7973856209150327,0.7573770491803279,0.7934426229508197,0.8032786885245902,0.760655737704918,0.7824279438551376,0.019397861204451087,8,0.5596330275229358,0.5634146341463414,0.6142131979695431,0.5764705882352941,0.5631067961165048,0.5753676487981239,0.020253269070700207,34
14.248918342590333,0.6411929208183983,1.3735834598541259,0.14776555967103822,,0.026730883107816707,0.04279909806035244,479,52,50,"{'model__class_weight': None, 'model__l2_regularization': np.float64(0.026730883107816707), 'model__learning_rate': np.float64(0.04279909806035244), 'model__max_iter': 479, 'model__max_leaf_nodes': 52, 'model__min_samples_leaf': 50}",0.717707916626985,0.7114975033046284,0.7363092412110729,0.7615161254802626,0.7200954778447194,0.7294252528935337,0.018016427367827596,22,0.9255982053838484,0.9190106413574921,0.9274939751866949,0.9336090367240885,0.9220651969097419,0.925555411112373,0.004972652287024569,21,0.6631762652705061,0.6218181818181818,0.6424682395644283,0.6737967914438503,0.6215722120658135,0.644566338032556,0.021219610061175,29,0.6209150326797386,0.5606557377049181,0.580327868852459,0.6196721311475409,0.5573770491803278,0.5877895639129969,0.027679007369170935,31,0.7116104868913857,0.6979591836734694,0.7195121951219512,0.73828125,0.7024793388429752,0.7139684909059563,0.014252730456460855,8
9.947135591506958,0.37397518648678524,0.37452898025512693,0.04445820235574521,balanced,0.5804314717414073,0.05699884508009132,437,47,10,"{'model__class_weight': 'balanced', 'model__l2_regularization': np.float64(0.5804314717414073), 'model__learning_rate': np.float64(0.05699884508009132), 'model__max_iter': 437, 'model__max_leaf_nodes': 47, 'model__min_samples_leaf': 10}",0.7201258197753106,0.7057967576104076,0.7497962189840027,0.7563535293855537,0.7139151138948934,0.7291974879300337,0.020125598661003267,23,0.9248603396160725,0.9186536153838525,0.9277498438011365,0.9312725000743804,0.9203157696389078,0.92457041370287,0.004652339045577657,24,0.6853582554517134,0.6550079491255962,0.6905537459283387,0.6825396825396826,0.6444444444444445,0.6715808154979551,0.018335371506373817,3,0.7189542483660131,0.6754098360655738,0.6950819672131148,0.7049180327868853,0.6655737704918033,0.6919875709846781,0.019372578408417326,16,0.6547619047619048,0.6358024691358025,0.686084142394822,0.6615384615384615,0.6246153846153846,0.652560472489275,0.02131218265701013,25
8.090256261825562,1.1655679510013823,0.7941835403442383,0.1329579137108168,balanced,0.5282284718122492,0.08422819971676791,317,39,79,"{'model__class_weight': 'balanced', 'model__l2_regularization': np.float64(0.5282284718122492), 'model__learning_rate': np.float64(0.08422819971676791), 'model__max_iter': 317, 'model__max_leaf_nodes': 39, 'model__min_samples_leaf': 79}",0.7183172659242486,0.6992024450019627,0.7420779266205563,0.7586597187221582,0.7224246894250415,0.7281364091387935,0.020456059903333476,24,0.9226170694266407,0.916541211706485,0.9270417422867515,0.9328275465373439,0.9230609026806701,0.9244176945275783,0.0053802110361866355,25,0.6666666666666666,0.6369230769230769,0.6721311475409836,0.683969465648855,0.6677067082683308,0.6654794130095827,0.015543245253039425,6,0.7222222222222222,0.6786885245901639,0.6721311475409836,0.7344262295081967,0.7016393442622951,0.7018214936247723,0.024066335885033357,14,0.6190476190476191,0.6,0.6721311475409836,0.64,0.6369047619047619,0.633616705698673,0.023988585527511166,26
7.43154354095459,0.28651869346581404,0.6101858139038085,0.130312485480124,balanced,0.012261087663689309,0.11555072773821978,220,59,12,"{'model__class_weight': 'balanced', 'model__l2_regularization': np.float64(0.012261087663689309), 'model__learning_rate': np.float64(0.11555072773821978), 'model__max_iter': 220, 'model__max_leaf_nodes': 59, 'model__min_samples_leaf': 12}",0.7177842954654999,0.7039494921215294,0.7404682566287526,0.7536033853390621,0.723455694658783,0.7278522248427254,0.01740298730723087,25,0.9219108547373753,0.9127607033411681,0.9246040482778456,0.9308301845625936,0.9189213848640823,0.921805435156613,0.00599023155202298,29,0.6805111821086262,0.6382978723404256,0.67779632721202,0.6753670473083198,0.6499162479061976,0.6643777353751179,0.017031767746629158,9,0.696078431372549,0.639344262295082,0.6655737704918033,0.6786885245901639,0.6360655737704918,0.663150112504018,0.022942891248866063,18,0.665625,0.6372549019607843,0.6904761904761905,0.672077922077922,0.6643835616438356,0.6659635152317465,0.01711754971112326,23
10.87223153114319,0.581473636411071,0.8329169273376464,0.14015191975478097,balanced,0.0018178958090803961,0.03977935110979599,367,46,11,"{'model__class_weight': 'balanced', 'model__l2_regularization': np.float64(0.0018178958090803961), 'model__learning_rate': np.float64(0.03977935110979599), 'model__max_iter': 367, 'model__max_leaf_nodes': 46, 'model__min_samples_leaf': 11}",0.7142839911584566,0.7043194779837514,0.7303421880987866,0.7625688049764962,0.7243989878606923,0.7271826900156365,0.019793996334602035,26,0.923309436769058,0.9123164043517499,0.9251931411343508,0.9328890343439152,0.9180724564378725,0.9223560946073892,0.006914411763312465,28,0.6736526946107785,0.6386292834890965,0.6803149606299213,0.686838124054463,0.6520376175548589,0.6662945360678236,0.018118386987475487,5,0.7352941176470589,0.6721311475409836,0.7081967213114754,0.7442622950819672,0.6819672131147541,0.7083702989392479,0.028367434022959572,13,0.6215469613259669,0.6083086053412463,0.6545454545454545,0.6376404494382022,0.6246246246246246,0.629333219055099,0.015681185846810074,27
11.179932832717896,0.43732126543727984,1.1282922744750976,0.22056323997746408,,0.5456725485601477,0.06587027797781973,363,54,44,"{'model__class_weight': None, 'model__l2_regularization': np.float64(0.5456725485601477), 'model__learning_rate': np.float64(0.06587027797781973), 'model__max_iter': 363, 'model__max_leaf_nodes': 54, 'model__min_samples_leaf': 44}",0.7130802088597062,0.7087684765892542,0.7315250529349311,0.7617421162277306,0.7200545353826062,0.7270340779988457,0.018983537328498515,27,0.9243697478991597,0.9192684934495651,0.9259448791566253,0.9335296976188351,0.922838753185961,0.9251903142620292,0.0047198689248158805,22,0.6385964912280702,0.6287744227353463,0.62708719851577,0.647787610619469,0.6440071556350626,0.6372505757467437,0.00816861519219548,35,0.5947712418300654,0.580327868852459,0.5540983606557377,0.6,0.5901639344262295,0.5838722811528984,0.016232835613608346,34,0.6893939393939394,0.686046511627907,0.7222222222222222,0.7038461538461539,0.7086614173228346,0.7020340488826115,0.013191980859504848,15
7.737357568740845,0.38102201021902266,0.8305066108703614,0.17487308232592932,,0.19132683954526483,0.08195559663592565,289,47,62,"{'model__class_weight': None, 'model__l2_regularization': np.float64(0.19132683954526483), 'model__learning_rate': np.float64(0.08195559663592565), 'model__max_iter': 289, 'model__max_leaf_nodes': 47, 'model__min_samples_leaf': 62}",0.7110267309095593,0.705452549619944,0.7321714030468225,0.7614397498528823,0.7164965642356825,0.725317399532978,0.020141718714724578,28,0.923643751285825,0.9177808852260668,0.9244890065752284,0.9336586236648716,0.921011970287505,0.9241168474078993,0.005313990877429669,26,0.6455026455026455,0.6227106227106227,0.6321626617375231,0.6596119929453262,0.6279491833030852,0.6375874212398406,0.013351968503580338,34,0.5980392156862745,0.5573770491803278,0.5606557377049181,0.6131147540983607,0.5672131147540984,0.5792799742847958,0.022221210040140223,37,0.7011494252873564,0.7053941908713693,0.7245762711864406,0.7137404580152672,0.7032520325203252,0.7096224755761517,0.008611937064236358,11
14.997913217544555,0.771101960488103,1.6332617282867432,0.1633968179429801,,0.0023036990230378648,0.10673537394397253,463,62,73,"{'model__class_weight': None, 'model__l2_regularization': np.float64(0.0023036990230378648), 'model__learning_rate': np.float64(0.10673537394397253), 'model__max_iter': 463, 'model__max_leaf_nodes': 62, 'model__min_samples_leaf': 73}",0.7063889369826752,0.70169906806708,0.7325089335239814,0.7556574439695952,0.7107047517219915,0.7213918268530646,0.02012375514178416,29,0.9225933311177579,0.915349141650055,0.9247865282199279,0.9312348139993852,0.9198714706494897,0.9227670571273231,0.005276764951049588,27,0.6267605633802817,0.6236559139784946,0.6394052044609665,0.6442477876106195,0.6054054054054054,0.6278949749671535,0.013601008279824314,38,0.5816993464052288,0.5704918032786885,0.5639344262295082,0.5967213114754099,0.5508196721311476,0.5727333119039967,0.015610677475623197,39,0.6793893129770993,0.6877470355731226,0.7381974248927039,0.7,0.672,0.6954667546885852,0.023303335640927986,16
11.103353929519653,0.45536093100426267,1.211962890625,0.2261110042957083,balanced,0.004556416465223595,0.08495088220882538,417,44,60,"{'model__class_weight': 'balanced', 'model__l2_regularization': np.float64(0.004556416465223595), 'model__learning_rate': np.float64(0.08495088220882538), 'model__max_iter': 417, 'model__max_leaf_nodes': 44, 'model__min_samples_leaf': 60}",0.7087508817494507,0.7004714042005795,0.732816197940017,0.7453242156129887,0.7067560175594629,0.7188237434124997,0.01721606641744789,30,0.921386633749545,0.9140400464133766,0.9242609066476253,0.9285591026747196,0.9168347663959219,0.9210162911762376,0.005171302136989209,30,0.671850699844479,0.6428571428571429,0.674496644295302,0.669826224328594,0.6634146341463415,0.6644890690943719,0.011418625467961038,8,0.7058823529411765,0.6491803278688525,0.659016393442623,0.6950819672131148,0.6688524590163935,0.6756027000964321,0.021517956691967377,17,0.6409495548961425,0.6366559485530546,0.6907216494845361,0.6463414634146342,0.6580645161290323,0.65454662649548,0.01945913281846322,24
9.188493871688843,0.2812224873582449,0.9161675930023193,0.040379786114005514,,0.01998634077852888,0.14424921039779712,459,29,44,"{'model__class_weight': None, 'model__l2_regularization': np.float64(0.01998634077852888), 'model__learning_rate': np.float64(0.14424921039779712), 'model__max_iter': 459, 'model__max_leaf_nodes': 29, 'model__min_samples_leaf': 44}",0.7011932482037379,0.7035725869104942,0.7209761285785039,0.7442333747707683,0.7182755064370425,0.7176501689801095,0.015408623836412132,31,0.9188486128914843,0.9144863288804261,0.9208513085993673,0.9267561215078398,0.9183997302470421,0.919868420425232,0.004014236241385961,32,0.6252220248667851,0.6225402504472272,0.6128440366972477,0.6502636203866432,0.6185185185185185,0.6258776901832844,0.012886237027679806,40,0.5751633986928104,0.5704918032786885,0.5475409836065573,0.6065573770491803,0.5475409836065573,0.5694589092467588,0.021774734496417716,40,0.6848249027237354,0.6850393700787402,0.6958333333333333,0.7007575757575758,0.7106382978723405,0.695418695953145,0.009800721451980568,17
10.239447212219238,0.6893351003734083,0.895757532119751,0.0647547020869241,balanced,0.1082138291061399,0.2335667365205794,330,52,24,"{'model__class_weight': 'balanced', 'model__l2_regularization': np.float64(0.1082138291061399), 'model__learning_rate': np.float64(0.2335667365205794), 'model__max_iter': 330, 'model__max_leaf_nodes': 52, 'model__min_samples_leaf': 24}",0.7036431041560766,0.7026296127517266,0.7245193248261872,0.7405633280427255,0.7074489632021221,0.7157608665957677,0.014698506158712595,32,0.9183975850227097,0.9150496365277241,0.9174813801037359,0.9268890145091389,0.9162099709420527,0.9188055174210723,0.004197765511777577,34,0.6578512396694215,0.6374367622259697,0.6572934973637962,0.6666666666666666,0.6374367622259697,0.6513369856303647,0.011826640095773708,21,0.6503267973856209,0.6196721311475409,0.6131147540983607,0.6459016393442623,0.6196721311475409,0.6297374906246651,0.015258686373055823,19,0.6655518394648829,0.65625,0.7083333333333334,0.6888111888111889,0.65625,0.675039272321881,0.02046580110042329,22
5.538874912261963,0.2502718551259891,0.7853034019470215,0.09651591375986288,,6.245139574743075,0.27333886656404544,341,16,62,"{'model__class_weight': None, 'model__l2_regularization': np.float64(6.245139574743075), 'model__learning_rate': np.float64(0.27333886656404544), 'model__max_iter': 341, 'model__max_leaf_nodes': 16, 'model__min_samples_leaf': 62}",0.7143018104419449,0.6912463804052236,0.7319610717617469,0.734591000810612,0.7064238247918562,0.7157048176422767,0.016169564757514715,33,0.9197585813986612,0.9138754177699762,0.924792478652822,0.9266827328354805,0.917955431257624,0.9206129283829128,0.0046367535097514255,31,0.6503496503496503,0.6200716845878136,0.6452762923351159,0.6476868327402135,0.6304728546409807,0.6387714629307548,0.01161378196754666,33,0.6078431372549019,0.5672131147540984,0.5934426229508196,0.5967213114754099,0.5901639344262295,0.5910768241722918,0.013333240341673026,27,0.6992481203007519,0.6837944664031621,0.70703125,0.708171206225681,0.6766917293233082,0.6949873544505807,0.012625641646291498,18
13.757387781143189,0.22770087613032938,0.5183977603912353,0.049782848371856224,,0.07606809457649337,0.286830516941948,494,55,25,"{'model__class_weight': None, 'model__l2_regularization': np.float64(0.07606809457649337), 'model__learning_rate': np.float64(0.286830516941948), 'model__max_iter': 494, 'model__max_leaf_nodes': 55, 'model__min_samples_leaf': 25}",0.7017498622369722,0.7012440157208943,0.7372477013421446,0.74372441441905,0.6921531296849219,0.7152238246807967,0.02100749603692993,34,0.9183580211745715,0.9150873226027193,0.9208374242559481,0.9255521505856218,0.9119990479307369,0.9183667933099194,0.004669830034054889,36,0.6419753086419753,0.6332737030411449,0.6508226691042047,0.6539130434782608,0.6159420289855072,0.6391853506502186,0.013677101753628422,32,0.5947712418300654,0.580327868852459,0.5836065573770491,0.6163934426229508,0.5573770491803278,0.5864952319725705,0.019269897338348465,33,0.6973180076628352,0.6968503937007874,0.7355371900826446,0.6962962962962963,0.6882591093117408,0.702852199410861,0.01667870324448858,13
3.064581537246704,0.35930325133433183,0.35290989875793455,0.03303316917862471,balanced,0.0340178999112854,0.2778766774257165,230,8,14,"{'model__class_weight': 'balanced', 'model__l2_regularization': np.float64(0.0340178999112854), 'model__learning_rate': np.float64(0.2778766774257165), 'model__max_iter': 230, 'model__max_leaf_nodes': 8, 'model__min_samples_leaf': 14}",0.7153237376786136,0.6718505402303276,0.7282700818324209,0.739887951793797,0.7131863501939217,0.7137037323458162,0.023032037153892,35,0.9248108848058998,0.9056062995249572,0.9236261938055994,0.9240030545555523,0.9136869873949997,0.9183466840174017,0.007558886329753856,37,0.6534653465346535,0.6283185840707964,0.671664167916042,0.6600284495021337,0.638109305760709,0.6503171707568669,0.015445931614887566,22,0.7549019607843137,0.6983606557377049,0.7344262295081967,0.760655737704918,0.7081967213114754,0.7313082610093218,0.024687433019131014,12,0.5760598503740648,0.5710455764075067,0.6187845303867403,0.5829145728643216,0.5806451612903226,0.5858899382645912,0.0169434375646563,31
15.37651858329773,0.5065518249467102,1.1047330379486084,0.16297541394568765,,0.03807158379249393,0.24596051167966784,450,55,24,"{'model__class_weight': None, 'model__l2_regularization': np.float64(0.03807158379249393), 'model__learning_rate': np.float64(0.24596051167966784), 'model__max_iter': 450, 'model__max_leaf_nodes': 55, 'model__min_samples_leaf': 24}",0.7040279114432209,0.69517982639915,0.722639260433471,0.7426700472227056,0.7037265229099828,0.7136487136817061,0.017059761043296522,36,0.9211175995822057,0.9149504626461575,0.9188103101167276,0.9261670286513344,0.9148969087501116,0.9191884619493074,0.004217654110635763,33,0.650088809946714,0.6129032258064516,0.6459854014598541,0.6559714795008913,0.6115107913669064,0.6352919416161635,0.01911930116783532,36,0.5980392156862745,0.5606557377049181,0.580327868852459,0.6032786885245902,0.5573770491803278,0.5799357119897139,0.018726429786663206,36,0.7120622568093385,0.6758893280632411,0.7283950617283951,0.71875,0.6772908366533864,0.7024774966508722,0.021770074518768084,14
13.481842517852783,0.8106725169122473,1.5079636096954345,0.47316365034032565,,0.005575453980775369,0.2242646547614234,430,62,71,"{'model__class_weight': None, 'model__l2_regularization': np.float64(0.005575453980775369), 'model__learning_rate': np.float64(0.2242646547614234), 'model__max_iter': 430, 'model__max_leaf_nodes': 62, 'model__min_samples_leaf': 71}",0.6969177180284866,0.6988322356315684,0.7225967155593835,0.744136052104789,0.7040533658038224,0.71330721742561,0.017891262568738606,37,0.9187457468863252,0.9153907946803129,0.9175666696418832,0.9258794243947914,0.914803685301439,0.9184772641809504,0.003967737818238331,35,0.64,0.6123188405797102,0.6471663619744058,0.6527777777777778,0.6064981949458483,0.6317522350555483,0.01877827332173936,37,0.6013071895424836,0.5540983606557377,0.580327868852459,0.6163934426229508,0.5508196721311476,0.5805893067609557,0.02568749319453018,35,0.6840148698884758,0.6842105263157895,0.731404958677686,0.6937269372693727,0.6746987951807228,0.6936112174664093,0.019831907943895517,19
13.332220268249511,0.44080235869694334,1.1042880058288573,0.15783402279842992,balanced,0.006490003020716538,0.2569874047433389,426,58,37,"{'model__class_weight': 'balanced', 'model__l2_regularization': np.float64(0.006490003020716538), 'model__learning_rate': np.float64(0.2569874047433389), 'model__max_iter': 426, 'model__max_leaf_nodes': 58, 'model__min_samples_leaf': 37}",0.6995502821741676,0.6970469445436224,0.7167481892375623,0.735309230738778,0.7054958765130681,0.7108301046414397,0.013999394463168773,38,0.9162314643371472,0.9142145924449336,0.9155653407118702,0.9231898287267065,0.9139567403528607,0.9166315933147036,0.0033853856826933904,38,0.6397306397306397,0.6321243523316062,0.6418439716312057,0.6540447504302926,0.6458333333333334,0.6427154094914156,0.007209912085798455,31,0.6209150326797386,0.6,0.5934426229508196,0.6229508196721312,0.6098360655737705,0.6094289081752919,0.011483941383195998,20,0.6597222222222222,0.6678832116788321,0.6988416988416989,0.6884057971014492,0.6863468634686347,0.6802399586625675,0.014308505484974468,21
4.45395302772522,0.2894613258411626,0.6797588348388672,0.08844812682165387,balanced,0.0012087541473056963,0.27652378632447694,393,9,73,"{'model__class_weight': 'balanced', 'model__l2_regularization': np.float64(0.0012087541473056963), 'model__learning_rate': np.float64(0.27652378632447694), 'model__max_iter': 393, 'model__max_leaf_nodes': 9, 'model__min_samples_leaf': 73}",0.6946957158484325,0.6843291957529832,0.725632798097579,0.737117872628033,0.6891817265877264,0.7061914617829508,0.02113693633157379,39,0.9154223836427227,0.9056122499578511,0.9230132992175183,0.9261075243223945,0.9104360675572482,0.916118304939547,0.0076220045837102415,40,0.6607407407407407,0.6461538461538462,0.6604068857589984,0.6637298091042585,0.6100151745068285,0.6482092912529345,0.020048543193676722,24,0.7287581699346405,0.6885245901639344,0.6918032786885245,0.740983606557377,0.659016393442623,0.70181720775742,0.029559108247323527,15,0.6043360433604336,0.6086956521739131,0.6317365269461078,0.601063829787234,0.5677966101694916,0.6027257324874359,0.020506900027945946,29
11.70865707397461,0.49344693996877675,1.2439887523651123,0.21174035898018487,,0.022410971619109515,0.25702647286715063,473,39,61,"{'model__class_weight': None, 'model__l2_regularization': np.float64(0.022410971619109515), 'model__learning_rate': np.float64(0.25702647286715063), 'model__max_iter': 473, 'model__max_leaf_nodes': 39, 'model__min_samples_leaf': 61}",0.687518260624104,0.6873716432164073,0.7218328888872637,0.7323297528081321,0.6955078340592085,0.704912075919023,0.018637029121447456,40,0.9152680846349839,0.9096704451915544,0.9182112998720656,0.9224519750478514,0.9155038529052989,0.9162211315303509,0.0041741696057530225,39,0.6258741258741258,0.625,0.6361974405850092,0.6370106761565836,0.6054054054054054,0.6258975296042248,0.01140459077574611,39,0.5849673202614379,0.5737704918032787,0.5704918032786885,0.5868852459016394,0.5508196721311476,0.5733869066752385,0.012916036364872967,38,0.6729323308270677,0.6862745098039216,0.71900826446281,0.6964980544747081,0.672,0.6893426319137015,0.017382336225570585,20
