mean_fit_time,std_fit_time,mean_score_time,std_score_time,param_model__C,params,split0_test_pr_auc,split1_test_pr_auc,split2_test_pr_auc,split3_test_pr_auc,split4_test_pr_auc,mean_test_pr_auc,std_test_pr_auc,rank_test_pr_auc,split0_test_roc_auc,split1_test_roc_auc,split2_test_roc_auc,split3_test_roc_auc,split4_test_roc_auc,mean_test_roc_auc,std_test_roc_auc,rank_test_roc_auc,split0_test_f1,split1_test_f1,split2_test_f1,split3_test_f1,split4_test_f1,mean_test_f1,std_test_f1,rank_test_f1,split0_test_recall,split1_test_recall,split2_test_recall,split3_test_recall,split4_test_recall,mean_test_recall,std_test_recall,rank_test_recall,split0_test_precision,split1_test_precision,split2_test_precision,split3_test_precision,split4_test_precision,mean_test_precision,std_test_precision,rank_test_precision
0.7703056812286377,0.13360352887163987,0.25675187110900877,0.06474471206325863,0.03334792728637585,{'model__C': np.float64(0.03334792728637585)},0.6804248936688254,0.6206078745014397,0.6965152551797155,0.6901964179846125,0.6462087473847482,0.6667906377438684,0.028891999572455217,1,0.9269829400686829,0.9046700980829689,0.9301875378100425,0.9200658514573602,0.9160096397012882,0.9195832134240686,0.008973427749731344,1,0.6788511749347258,0.6300653594771242,0.6703146374829001,0.6513994910941476,0.6492146596858639,0.6559690645349523,0.017128288656906514,17,0.8496732026143791,0.7901639344262295,0.8032786885245902,0.839344262295082,0.8131147540983606,0.8191149683917283,0.02221703269972285,24,0.5652173913043478,0.5239130434782608,0.5751173708920188,0.5322245322245323,0.5403050108932462,0.5473554697584812,0.019585571151381865,17
0.7162333011627198,0.13280258217721544,0.24555816650390624,0.03195213542507542,0.033205591037519584,{'model__C': np.float64(0.033205591037519584)},0.6807507406498507,0.6203898041565638,0.6964805132606109,0.6901646052571261,0.6461619729740524,0.6667895272596407,0.028987220288507892,2,0.9269868964534966,0.9046661311277062,0.930185554332411,0.9200618845020975,0.916013606656551,0.9195828146144525,0.008974572046106747,2,0.6788511749347258,0.6308900523560209,0.6703146374829001,0.6513994910941476,0.6492146596858639,0.6561340031107317,0.016880226622001844,16,0.8496732026143791,0.7901639344262295,0.8032786885245902,0.839344262295082,0.8131147540983606,0.8191149683917283,0.02221703269972285,24,0.5652173913043478,0.5250544662309368,0.5751173708920188,0.5322245322245323,0.5403050108932462,0.5475837543090163,0.019315795742765172,16
0.6912366867065429,0.13692354794865624,0.3589790344238281,0.08952483150591953,0.028585493941961918,{'model__C': np.float64(0.028585493941961918)},0.6816913751454343,0.6195087774201659,0.6964306732044973,0.6901289293428059,0.6454168335618806,0.6666353177349569,0.02945346407921836,3,0.9271016316130971,0.9045074529171998,0.9300784465403192,0.9199944462626323,0.9158747632223577,0.9195113481111212,0.009031621973046492,3,0.680628272251309,0.6299212598425197,0.6712328767123288,0.6522292993630573,0.6492146596858639,0.6566452735710157,0.0177587733347988,15,0.8496732026143791,0.7868852459016393,0.8032786885245902,0.839344262295082,0.8131147540983606,0.8184592306868103,0.02309296600409395,27,0.5676855895196506,0.5251641137855579,0.5764705882352941,0.5333333333333333,0.5403050108932462,0.5485917271534164,0.019960700347144675,14
0.8413108825683594,0.21677112278447674,0.38324933052062987,0.1166664486528544,0.028888383623653185,{'model__C': np.float64(0.028888383623653185)},0.6815561936717761,0.6195934333271198,0.6963114591184443,0.6900653450374957,0.6453406801167865,0.6665734222543245,0.029389295364840886,4,0.9270759151118075,0.9045312546487758,0.9300764630626878,0.9199865123521069,0.9158450110578877,0.9195030312466532,0.00902125258022346,4,0.680628272251309,0.6308900523560209,0.6712328767123288,0.6522292993630573,0.6492146596858639,0.656839032073716,0.01746906379901015,14,0.8496732026143791,0.7901639344262295,0.8032786885245902,0.839344262295082,0.8131147540983606,0.8191149683917283,0.02221703269972285,24,0.5676855895196506,0.5250544662309368,0.5764705882352941,0.5333333333333333,0.5403050108932462,0.5485697976424923,0.019986470277886928,15
0.29967894554138186,0.042356832754561494,0.26344871520996094,0.03230420070867092,0.0745934328572655,{'model__C': np.float64(0.0745934328572655)},0.6776443702487533,0.6208360560558939,0.6965037488280101,0.6885419798673729,0.6462330748102573,0.6659518459620575,0.028300927466709716,5,0.9262747471870104,0.904610593754029,0.9300804300179505,0.9199865123521069,0.9162119544196841,0.9194328475461562,0.00883812771934097,6,0.6778783958602846,0.6261319534282018,0.6720867208672087,0.6539923954372624,0.6492829204693612,0.6558744772124638,0.01832276100015611,18,0.8562091503267973,0.7934426229508197,0.8131147540983606,0.8459016393442623,0.8163934426229508,0.8250123218686382,0.02290016933783252,22,0.5610278372591007,0.5170940170940171,0.5727482678983834,0.5330578512396694,0.538961038961039,0.5445778024904419,0.01991880786730093,18
0.8990611553192138,0.14205480686609084,0.41520400047302247,0.10258932320430547,0.06789053271698488,{'model__C': np.float64(0.06789053271698488)},0.6780612150187705,0.6209528296092383,0.6960223520796457,0.6884509009161636,0.6461140909880269,0.665920277722369,0.02819759792361632,6,0.9263499184984728,0.9046601806948124,0.9300784465403191,0.9199547767100056,0.9161445161802189,0.9194375677247656,0.008837327155068455,5,0.6770025839793282,0.6269430051813472,0.6720867208672087,0.6531130876747141,0.6475195822454308,0.6553329959896058,0.0180123698955797,20,0.8562091503267973,0.7934426229508197,0.8131147540983606,0.8426229508196721,0.8131147540983606,0.823700846458802,0.022603215021780344,23,0.5598290598290598,0.5182012847965739,0.5727482678983834,0.533195020746888,0.5379609544468547,0.544386917543552,0.019468255547440666,19
0.6370312690734863,0.05679947018735437,0.41378164291381836,0.08437295664754638,0.011526449540315618,{'model__C': np.float64(0.011526449540315618)},0.6841228457385433,0.6131427528252159,0.6958891627994365,0.6915074708231442,0.6430952277922546,0.6655514919957188,0.03221782745606294,7,0.9270541549953314,0.9032697628752491,0.9296301805956384,0.9195005603324308,0.9149187270040563,0.9188746771605413,0.00940360923293789,10,0.6835106382978723,0.633112582781457,0.6767537826685007,0.6588541666666666,0.651595744680851,0.6607653830190696,0.01802990813747291,13,0.8398692810457516,0.7836065573770492,0.8065573770491803,0.8295081967213115,0.8032786885245902,0.8125640201435766,0.01996754460240987,28,0.5762331838565022,0.5311111111111111,0.5829383886255924,0.5464362850971922,0.5480984340044742,0.5569634805389744,0.01951293527389897,13
0.6746368408203125,0.05806912507451797,0.3185431480407715,0.04804438229395748,0.14445251022763064,{'model__C': np.float64(0.14445251022763064)},0.6746555401693516,0.6218611932285978,0.6957040109883706,0.6880916450545179,0.646310752800593,0.6653246284482862,0.02749148053653541,8,0.925736678852332,0.9047058006803328,0.9298384457469282,0.9197742802455545,0.9161980700762647,0.9192506551202826,0.008663891315205861,7,0.6743589743589744,0.6290115532734275,0.6747311827956989,0.6515151515151515,0.6467532467532467,0.6552740217392998,0.017431388324030593,21,0.8594771241830066,0.8032786885245902,0.8229508196721311,0.8459016393442623,0.8163934426229508,0.8296003428693881,0.02034611603594531,18,0.5548523206751055,0.5168776371308017,0.571753986332574,0.5297741273100616,0.535483870967742,0.541748388483257,0.019355776008030515,21
0.6861712455749511,0.09453435080110163,0.1477365493774414,0.0117558428147398,0.15876781526924,{'model__C': np.float64(0.15876781526924)},0.6743400631845228,0.6221675281179336,0.6956532390549174,0.6879172426463547,0.6464875924339928,0.6653131330875443,0.027308963638798454,9,0.925671398502904,0.9046482798290243,0.9297769579403569,0.9197504785139785,0.9161524500907441,0.9191999129754016,0.008661341521909168,8,0.6743589743589744,0.6298200514138818,0.6738544474393531,0.6515151515151515,0.647594278283485,0.6554285806021691,0.016913665266383562,19,0.8594771241830066,0.8032786885245902,0.819672131147541,0.8459016393442623,0.8163934426229508,0.8289446051644701,0.020601094428672778,21,0.5548523206751055,0.5179704016913319,0.5720823798627003,0.5297741273100616,0.5366379310344828,0.5422634321147364,0.01910722420469104,20
0.6277559757232666,0.07183842459051172,0.37214126586914065,0.05608670563615937,0.009962513222055111,{'model__C': np.float64(0.009962513222055111)},0.6843369981607046,0.612108747915184,0.6959160915578645,0.6914968350716657,0.6423941370583974,0.6652505619527631,0.03268027589806922,10,0.9269888746459035,0.9031368698739499,0.929441750220662,0.919304196046929,0.9146509575238264,0.9187045296622542,0.009413409108997055,13,0.6826029216467463,0.6322751322751323,0.6786206896551724,0.6597131681877445,0.6506666666666666,0.6607757156862925,0.018495811147578468,12,0.8398692810457516,0.7836065573770492,0.8065573770491803,0.8295081967213115,0.8,0.8119082824386586,0.020312564813196436,29,0.5749440715883669,0.5299334811529933,0.5857142857142857,0.5476190476190477,0.5483146067415731,0.5573050985632534,0.020209251592803554,12
1.0203010082244872,0.0859240973559249,0.2793013572692871,0.05369012289235119,0.19069966103000435,{'model__C': np.float64(0.19069966103000435)},0.6735732384598424,0.6221671448429434,0.6951437708056106,0.6879349380390375,0.6468690613602943,0.6651376307015456,0.027097780074157782,11,0.9255230340723861,0.9046066267987664,0.9297115031785229,0.9196552715876746,0.9161127805381175,0.9191218432350935,0.008638826936199195,9,0.6734955185659411,0.6280566280566281,0.6702412868632708,0.6523929471032746,0.6468305304010349,0.6542033821980299,0.016557114982225167,22,0.8594771241830066,0.8,0.819672131147541,0.8491803278688524,0.819672131147541,0.8296003428693883,0.021676332476754497,12,0.5536842105263158,0.5169491525423728,0.5668934240362812,0.5296523517382413,0.5341880341880342,0.540273434606249,0.017789515908914547,22
0.6694646835327148,0.15463093935358832,0.23220381736755372,0.030150430700055,0.008260808399079604,{'model__C': np.float64(0.008260808399079604)},0.6847905240665938,0.6109942132818241,0.6955350000708129,0.6910520273794752,0.641687719574688,0.6648118968746788,0.03305350119574207,12,0.9268266628685372,0.9028472821397756,0.9292096833377963,0.9189888231035475,0.9144050062975414,0.9184554915494397,0.009444958703698145,19,0.6844207723035952,0.6322751322751323,0.677731673582296,0.6597131681877445,0.6498002663115846,0.6607882025320706,0.018870427562404903,11,0.8398692810457516,0.7836065573770492,0.8032786885245902,0.8295081967213115,0.8,0.8112525447337406,0.020526515483139617,31,0.5775280898876405,0.5299334811529933,0.5861244019138756,0.5476190476190477,0.547085201793722,0.5576580444734558,0.020911097925126056,11
0.6085808277130127,0.0912404325171644,0.2981560707092285,0.07095603749352347,0.008111941985431923,{'model__C': np.float64(0.008111941985431923)},0.6847394467568251,0.6107789299709346,0.6952684898598819,0.6911129254783085,0.6415718703657574,0.6646943324863415,0.0330939470109268,13,0.9268029245596545,0.9028413317068816,0.9291521624864875,0.9189888231035475,0.9143931054317533,0.918435669457665,0.009430650598167929,20,0.6853333333333333,0.6322751322751323,0.6786703601108033,0.6597131681877445,0.6498002663115846,0.6611584520437196,0.01926881002512293,9,0.8398692810457516,0.7836065573770492,0.8032786885245902,0.8295081967213115,0.8,0.8112525447337406,0.020526515483139617,31,0.5788288288288288,0.5299334811529933,0.5875299760191847,0.5476190476190477,0.547085201793722,0.5581993070827552,0.021541993639943538,10
0.9558365345001221,0.09830572110745245,0.4259783267974854,0.10428481093535577,0.37253938395788866,{'model__C': np.float64(0.37253938395788866)},0.6720779082050062,0.6217028663455476,0.6942989824821746,0.6867962755934935,0.6472318560780317,0.6644215777408508,0.02672931218108946,14,0.9251768504011774,0.9042932373330159,0.9294397667430305,0.9193498160324497,0.9160096397012881,0.9188538620421923,0.00863005125279703,11,0.6726342710997443,0.6248399487836107,0.6666666666666666,0.6524466750313677,0.6468305304010349,0.6526836183964848,0.016751948549132728,27,0.8594771241830066,0.8,0.819672131147541,0.8524590163934426,0.819672131147541,0.8302560805743063,0.02229937277694515,2,0.5525210084033614,0.5126050420168067,0.5617977528089888,0.5284552845528455,0.5341880341880342,0.5379134243940074,0.017479655685495418,28
0.7721172332763672,0.07379604368708327,0.34673776626586916,0.10412983999175365,0.4205156450913872,{'model__C': np.float64(0.4205156450913872)},0.6717896191333215,0.6218222856191081,0.6940402837250481,0.6870729297135773,0.6469070757021208,0.6643264387786352,0.02670599834553808,15,0.9251570684771084,0.90426943560144,0.9293624111154085,0.9193418821219245,0.9159759205815556,0.9188213435794875,0.008618363336365734,12,0.6726342710997443,0.6248399487836107,0.6657789613848203,0.6532663316582915,0.6476683937823834,0.65283758134177,0.01655391191538652,24,0.8594771241830066,0.8,0.819672131147541,0.8524590163934426,0.819672131147541,0.8302560805743063,0.02229937277694515,2,0.5525210084033614,0.5126050420168067,0.5605381165919282,0.5295315682281059,0.5353319057815846,0.5381055282043573,0.016985332837209804,25
0.9026320934295654,0.2756087133568997,0.2964818000793457,0.11708091309104816,0.007122305833333868,{'model__C': np.float64(0.007122305833333868)},0.6840293166737031,0.6094970721986358,0.6951579985776336,0.690825105284974,0.6411668509997284,0.6641352687469351,0.03341679523637501,16,0.9267218186709711,0.9025933970029653,0.929076790336497,0.9187389049219997,0.914186823758095,0.9182635469381056,0.009495976301454365,32,0.6853333333333333,0.631439894319683,0.6749654218533887,0.661437908496732,0.6524064171122995,0.6611165950230873,0.018627492720105818,10,0.8398692810457516,0.7836065573770492,0.8,0.8295081967213115,0.8,0.8105968070288225,0.020821030761469142,35,0.5788288288288288,0.5287610619469026,0.583732057416268,0.55,0.5507900677200903,0.558422403182418,0.020327249636711432,9
0.8921442031860352,0.07235857643836856,0.47263689041137696,0.232686919008179,0.9163741808778786,{'model__C': np.float64(0.9163741808778786)},0.6704468331418805,0.6219980495612901,0.6934566143343814,0.6864093343869273,0.6475184751090697,0.6639658613067099,0.026257306523720804,17,0.9248029720362723,0.9041107573909336,0.9291025755457043,0.9191276665377407,0.915918399730247,0.9186124742481795,0.008557893905720485,14,0.6709346991037132,0.6230769230769231,0.6657789613848203,0.6524466750313677,0.648578811369509,0.6521632139932666,0.016713454710991428,36,0.8562091503267973,0.7967213114754098,0.819672131147541,0.8524590163934426,0.8229508196721311,0.8296024858030645,0.022155648574459987,8,0.5515789473684211,0.511578947368421,0.5605381165919282,0.5284552845528455,0.535181236673774,0.537466506511078,0.017251379518456948,36
0.97867751121521,0.19458293052475326,0.34994211196899416,0.09983834845954415,1.0907475835157696,{'model__C': np.float64(1.0907475835157696)},0.670361008959318,0.622237833458986,0.6927331856249088,0.6866361783570385,0.6474943575709289,0.663892512794236,0.026057290651356594,18,0.9247436262640649,0.9041623278093482,0.9289577816786171,0.9190860135074828,0.9158826971328831,0.9185664892784793,0.008498099698378888,16,0.6709346991037132,0.6230769230769231,0.6666666666666666,0.6524466750313677,0.6494178525226391,0.6525085632802619,0.016827074261949553,29,0.8562091503267973,0.7967213114754098,0.819672131147541,0.8524590163934426,0.8229508196721311,0.8296024858030645,0.022155648574459987,8,0.5515789473684211,0.511578947368421,0.5617977528089888,0.5284552845528455,0.5363247863247863,0.5379471436846925,0.017565231780008957,26
0.8202964782714843,0.1574143475069868,0.20859684944152831,0.06191988169593285,0.9846738873614566,{'model__C': np.float64(0.9846738873614566)},0.6704557059475807,0.6219607641162324,0.6925963545337067,0.6867382204621715,0.6473645518052061,0.6638231193729796,0.02615466825726162,19,0.9247653863805408,0.9041087739133021,0.9290648894707089,0.9191673360903672,0.9158985649539336,0.9186009901617705,0.008545655633089268,15,0.6709346991037132,0.6230769230769231,0.6675531914893617,0.6524466750313677,0.648578811369509,0.6525180600141749,0.017014882272227135,28,0.8562091503267973,0.7967213114754098,0.8229508196721311,0.8524590163934426,0.8229508196721311,0.8302582235079825,0.021899071111896627,1,0.5515789473684211,0.511578947368421,0.5615212527964206,0.5284552845528455,0.535181236673774,0.5376631337519765,0.0175167850487427,30
0.8722859382629394,0.07695585707535836,0.30669069290161133,0.0664222366207058,1.0129197956845732,{'model__C': np.float64(1.0129197956845732)},0.6703240879351655,0.6220591390522582,0.6926664125676267,0.6863038485015991,0.6476171701760964,0.6637941316465492,0.02602475735477053,20,0.9247159315703681,0.9040849721817262,0.9289776164549306,0.919087996985114,0.9159441849394544,0.9185621404263188,0.008521383723093778,17,0.6709346991037132,0.6222791293213829,0.6666666666666666,0.6524466750313677,0.648578811369509,0.6521811962985279,0.017138868019156914,33,0.8562091503267973,0.7967213114754098,0.819672131147541,0.8524590163934426,0.8229508196721311,0.8296024858030645,0.022155648574459987,8,0.5515789473684211,0.5105042016806722,0.5617977528089888,0.5284552845528455,0.535181236673774,0.5375034846169403,0.017913984244927662,31
0.9080671310424805,0.08230954824820946,0.44562520980834963,0.11338871175328316,1.1462107403425035,{'model__C': np.float64(1.1462107403425035)},0.6708788312976293,0.6218471656354593,0.6925980095692396,0.6860491567892283,0.6473942016773921,0.6637534729937897,0.026090764233847614,21,0.9248108848058998,0.9040492695843623,0.928993484275981,0.9190741126416947,0.9158588954013073,0.9185573293418491,0.008556315730364807,18,0.6717948717948717,0.6238767650834403,0.6657789613848203,0.6524466750313677,0.6502590673575129,0.6528312681304025,0.01656736792564221,25,0.8562091503267973,0.7967213114754098,0.819672131147541,0.8524590163934426,0.8229508196721311,0.8296024858030645,0.022155648574459987,8,0.5527426160337553,0.5126582278481012,0.5605381165919282,0.5284552845528455,0.5374732334047109,0.5383734956862682,0.01707746130842402,23
1.0088303089141846,0.31058168651698786,0.2585285186767578,0.06534878894695537,55.51721685244721,{'model__C': np.float64(55.51721685244721)},0.6694523568396625,0.6218564206196355,0.691778525786368,0.6866109833862366,0.647759345838348,0.6634915264940501,0.0258889113858416,22,0.9243104021269525,0.9040135669869983,0.9287435660944333,0.9190165917903861,0.9156288119960726,0.9183425877989686,0.008449081077545962,29,0.6726342710997443,0.6222791293213829,0.6657789613848203,0.6516290726817042,0.6494178525226391,0.6523478574020581,0.017350291774876073,31,0.8594771241830066,0.7967213114754098,0.819672131147541,0.8524590163934426,0.8229508196721311,0.8302560805743063,0.022964351980422727,2,0.5525210084033614,0.5105042016806722,0.5605381165919282,0.5273833671399595,0.5363247863247863,0.5374542960281415,0.017826247949565794,37
0.49988665580749514,0.0426372777222565,0.20761523246765137,0.07482852959798963,4.5705630998014515,{'model__C': np.float64(4.5705630998014515)},0.6698321115902258,0.6217648525551775,0.6912338236194236,0.6868704248103963,0.6473566932545437,0.6634115811659533,0.02591457952979617,23,0.9244765702891327,0.9039243104935885,0.9287872026023227,0.9190860135074826,0.9156605476381741,0.9183869289061402,0.008512797784209278,24,0.6734955185659411,0.6222791293213829,0.6657789613848203,0.6516290726817042,0.6476683937823834,0.6521702151472464,0.017629536481010306,34,0.8594771241830066,0.7967213114754098,0.819672131147541,0.8524590163934426,0.819672131147541,0.8296003428693883,0.023209095192768484,12,0.5536842105263158,0.5105042016806722,0.5605381165919282,0.5273833671399595,0.5353319057815846,0.537488360344092,0.01804717611660083,33
1.0895608901977538,0.05358431041821616,0.3309971332550049,0.07018342284118671,8.43101393208247,{'model__C': np.float64(8.43101393208247)},0.6694336719252816,0.6217297909460268,0.6909624531111833,0.6868399114819963,0.6479399424819035,0.6633811539892782,0.02577185051134675,24,0.9243994207852633,0.9039600130909524,0.9287554669602213,0.919099897850902,0.9158529449684131,0.9184135487311504,0.008470164061591715,21,0.6734955185659411,0.6230769230769231,0.6675531914893617,0.6516290726817042,0.6493506493506493,0.6530210710329158,0.017563867332048885,23,0.8594771241830066,0.7967213114754098,0.8229508196721311,0.8524590163934426,0.819672131147541,0.8302560805743063,0.022964351980422727,2,0.5536842105263158,0.511578947368421,0.5615212527964206,0.5273833671399595,0.5376344086021505,0.5383604372866535,0.017941643125837774,24
0.8653727054595948,0.13858591717663393,0.38962321281433104,0.11334839279976378,14.528246637516036,{'model__C': np.float64(14.528246637516036)},0.6696055732654557,0.6215829085514727,0.691658408338648,0.6865749324313553,0.647411650162557,0.6633666945498977,0.025993903885559468,25,0.9244053553624839,0.903910426150169,0.9287852191246913,0.919028492656174,0.9155693076671328,0.9183397601921302,0.008511809414892104,30,0.6734955185659411,0.6230769230769231,0.6657789613848203,0.6508135168961201,0.6476683937823834,0.6521666627412376,0.01736947406339649,35,0.8594771241830066,0.7967213114754098,0.819672131147541,0.8524590163934426,0.819672131147541,0.8296003428693883,0.023209095192768484,12,0.5536842105263158,0.511578947368421,0.5605381165919282,0.5263157894736842,0.5353319057815846,0.5374897939483867,0.017857049772075497,32
0.8905088901519775,0.10272223050004171,0.33953371047973635,0.03139867445290705,21.42302175774105,{'model__C': np.float64(21.42302175774105)},0.6692886621371719,0.6218113466739922,0.6916789267322677,0.6865346598773614,0.6474616645502126,0.6633550519942012,0.02589680693560736,26,0.9244211809017392,0.9039996826435789,0.9287852191246913,0.9190403935219621,0.9155851754881835,0.918366330336031,0.008482973633684122,26,0.6709346991037132,0.6230769230769231,0.6657789613848203,0.6508135168961201,0.6476683937823834,0.651654498848792,0.016760075686246805,40,0.8562091503267973,0.7967213114754098,0.819672131147541,0.8524590163934426,0.819672131147541,0.8289467480981465,0.02239009218540052,19,0.5515789473684211,0.511578947368421,0.5605381165919282,0.5263157894736842,0.5353319057815846,0.5370687413168078,0.017491311111594077,40
1.045211124420166,0.17387009047973345,0.22589921951293945,0.038473989542463914,11.015056790269638,{'model__C': np.float64(11.015056790269638)},0.6696704773275012,0.6216697212549412,0.6910030733257883,0.6868382142480721,0.6474551931418188,0.6633273358596243,0.02586977023315284,27,0.9244211809017392,0.904035385240943,0.928759433915484,0.9190860135074829,0.9155970763539714,0.918379817983924,0.008464509514507255,25,0.6734955185659411,0.6222791293213829,0.6675531914893617,0.6508135168961201,0.6476683937823834,0.6523619500110378,0.017926543187945593,30,0.8594771241830066,0.7967213114754098,0.8229508196721311,0.8524590163934426,0.819672131147541,0.8302560805743063,0.022964351980422727,2,0.5536842105263158,0.5105042016806722,0.5615212527964206,0.5263157894736842,0.5353319057815846,0.5374714720517355,0.018425555685434265,34
0.43545923233032224,0.07588150846508579,0.25350136756896974,0.09030448020846067,56.69849511478853,{'model__C': np.float64(56.69849511478853)},0.6694381754580355,0.621858757237485,0.6914989415532433,0.6865215981530006,0.6473058347199679,0.6633246614243464,0.02586614392302702,28,0.9243717260915666,0.9040175339422609,0.928741582616802,0.9190066744022294,0.9156010433092342,0.9183477120724186,0.008457584947076836,28,0.6734955185659411,0.6222791293213829,0.6657789613848203,0.6516290726817042,0.648508430609598,0.6523382225126892,0.017589792043689288,32,0.8594771241830066,0.7967213114754098,0.819672131147541,0.8524590163934426,0.819672131147541,0.8296003428693883,0.023209095192768484,12,0.5536842105263158,0.5105042016806722,0.5605381165919282,0.5273833671399595,0.5364806866952789,0.5377181165268309,0.01802555962683465,29
1.051246976852417,0.16529633237878275,0.2582510471343994,0.04523451289431758,67.32248920775338,{'model__C': np.float64(67.32248920775338)},0.6694709436985853,0.6217454248306407,0.6914098039342371,0.6866367026215616,0.6473246602895004,0.6633175070749051,0.025903034480473538,29,0.9243776606687873,0.9040076165541043,0.9287634008707467,0.919040393521962,0.9155653407118701,0.9183508824654941,0.0084700240898645,27,0.6734955185659411,0.6222791293213829,0.6675531914893617,0.6516290726817042,0.648508430609598,0.6526930685335975,0.017872974916004845,26,0.8594771241830066,0.7967213114754098,0.8229508196721311,0.8524590163934426,0.819672131147541,0.8302560805743063,0.022964351980422727,2,0.5536842105263158,0.5105042016806722,0.5615212527964206,0.5273833671399595,0.5364806866952789,0.5379147437677294,0.018277021536569668,27
0.9121452808380127,0.09823712216933751,0.433331823348999,0.0967495587236377,3.4702669886504163,{'model__C': np.float64(3.4702669886504163)},0.669630435150498,0.6218633555860493,0.6920165255730436,0.6856041076852779,0.6472943651679145,0.6632817578325567,0.025827739554987367,30,0.9245378942537467,0.9039619965685838,0.9288367895431059,0.9189412196403954,0.9156783989368561,0.9183912597885376,0.008517698210343226,23,0.6726342710997443,0.6230769230769231,0.6657789613848203,0.6516290726817042,0.6476683937823834,0.652157524405115,0.017151988976029885,37,0.8594771241830066,0.7967213114754098,0.819672131147541,0.8524590163934426,0.819672131147541,0.8296003428693883,0.023209095192768484,12,0.5525210084033614,0.511578947368421,0.5605381165919282,0.5273833671399595,0.5353319057815846,0.537470669057051,0.0175232934720042,35
0.8675642013549805,0.059371733129117345,0.17246618270874023,0.017115001007853337,2.6373339933815254,{'model__C': np.float64(2.6373339933815254)},0.6698359938450587,0.6214254895760575,0.692183946912053,0.6854116196335504,0.6475427776545214,0.6632799655242481,0.02595260295218334,31,0.9245972400259539,0.9038925748514871,0.9288387730207373,0.9189432031180268,0.9157498041315839,0.9184043190295579,0.008545848875983982,22,0.6709346991037132,0.6222791293213829,0.6657789613848203,0.6516290726817042,0.648508430609598,0.6518260586202437,0.016993470079728287,39,0.8562091503267973,0.7967213114754098,0.819672131147541,0.8524590163934426,0.819672131147541,0.8289467480981465,0.02239009218540052,19,0.5515789473684211,0.5105042016806722,0.5605381165919282,0.5273833671399595,0.5364806866952789,0.5372970638952521,0.01766875234264632,38
0.7854220867156982,0.07698055922792442,0.3772873401641846,0.09391328634801707,70.72114131472235,{'model__C': np.float64(70.72114131472235)},0.6694145937651915,0.6217476938717593,0.691534213639498,0.6860903283265376,0.6475646042621077,0.6632702867730188,0.02579980833730876,32,0.9243756824763805,0.9040056330764731,0.9287733182589033,0.9188698144456676,0.915583192010552,0.9183215280535952,0.00846919896470801,31,0.6726342710997443,0.6222791293213829,0.6657789613848203,0.6508135168961201,0.648508430609598,0.652002861862333,0.017392882639572428,38,0.8594771241830066,0.7967213114754098,0.819672131147541,0.8524590163934426,0.819672131147541,0.8296003428693883,0.023209095192768484,12,0.5525210084033614,0.5105042016806722,0.5605381165919282,0.5263157894736842,0.5364806866952789,0.537271960568985,0.01795006513221942,39
0.5891172885894775,0.10435715326500157,0.31479601860046386,0.09052389884956681,0.0060252157362038605,{'model__C': np.float64(0.0060252157362038605)},0.6835727876780481,0.6070165859273222,0.6939819264252949,0.6904046019033895,0.6402650277031932,0.6630481859274496,0.03401511890469631,33,0.9264903701593632,0.9022502553727451,0.9287971199904792,0.9184770858746641,0.9138178969186675,0.9179665456631838,0.009533421657589598,33,0.6870838881491345,0.6339522546419099,0.6749654218533887,0.661437908496732,0.6524064171122995,0.6619691780506929,0.01831025754982881,6,0.8431372549019608,0.7836065573770492,0.8,0.8295081967213115,0.8,0.8112504018000644,0.021759796377438304,33,0.5797752808988764,0.532293986636971,0.583732057416268,0.55,0.5507900677200903,0.559318278534441,0.01951611945099922,7
0.7397837162017822,0.0534248154436982,0.25722813606262207,0.020483360740879808,0.006026889128682512,{'model__C': np.float64(0.006026889128682512)},0.6835716894264245,0.6070165859273222,0.6939819264252949,0.6903983809913281,0.640263126121342,0.6630463417783423,0.03401424054430856,34,0.9264883919669563,0.9022502553727451,0.9287971199904792,0.9184731189194014,0.9138178969186675,0.91796535663365,0.009533025553074592,34,0.6870838881491345,0.6339522546419099,0.6749654218533887,0.661437908496732,0.6524064171122995,0.6619691780506929,0.01831025754982881,6,0.8431372549019608,0.7836065573770492,0.8,0.8295081967213115,0.8,0.8112504018000644,0.021759796377438304,33,0.5797752808988764,0.532293986636971,0.583732057416268,0.55,0.5507900677200903,0.559318278534441,0.01951611945099922,7
0.6898115634918213,0.07083665393138282,0.37919931411743163,0.06064960560033012,0.004982752357076452,{'model__C': np.float64(0.004982752357076452)},0.6834156695580387,0.6052087260298582,0.6935619916043003,0.6893487193196743,0.6384990423233203,0.6620068297670384,0.034584060613871134,35,0.9261659466046307,0.9018436424583223,0.9285333174655123,0.9181260103339185,0.913401366616088,0.9176140566956944,0.009582065499950049,35,0.6888297872340425,0.632,0.6759002770083102,0.6649214659685864,0.6542056074766355,0.6631714275375149,0.01936740297390126,1,0.8464052287581699,0.7770491803278688,0.8,0.8327868852459016,0.8032786885245902,0.8119039965713061,0.024728078576555935,30,0.5807174887892377,0.5325842696629214,0.5851318944844125,0.5533769063180828,0.5518018018018018,0.5607224722112912,0.019600585323704983,6
0.6076367378234864,0.17561063452435388,0.27288022041320803,0.06121246582634249,0.0030786517836196197,{'model__C': np.float64(0.0030786517836196197)},0.6812436692876191,0.600323688900497,0.6908502984789044,0.6857287072260336,0.6362091842084817,0.6588711096203073,0.03517355208558267,36,0.9252816945987434,0.9007646306268781,0.9276546368748327,0.9170430315472116,0.9124651651740998,0.9166418317643531,0.009650079038331533,36,0.6854838709677419,0.6352624495289367,0.6777777777777778,0.6640419947506562,0.6514131897711979,0.6627958565592621,0.01804666410999506,2,0.8333333333333334,0.7737704918032787,0.8,0.8295081967213115,0.7934426229508197,0.8060109289617486,0.02250410959778579,36,0.5821917808219178,0.5388127853881278,0.5879518072289157,0.5536105032822757,0.5525114155251142,0.5630156584492703,0.018836721119929917,3
0.5782219886779785,0.08962381303661678,0.30975117683410647,0.08200786980137818,0.0021147447960615704,{'model__C': np.float64(0.0021147447960615704)},0.6791005389935053,0.591829460271337,0.6889721627068909,0.6823247941552649,0.6323874702576759,0.6549228852769348,0.03737218765858925,37,0.9242945765876972,0.8994357006138862,0.9269544692709728,0.9160354249104956,0.9116519393452541,0.9156744221456613,0.009813799403045944,37,0.6827956989247311,0.6361185983827493,0.6787204450625869,0.6657929226736566,0.6495956873315364,0.6626046704750521,0.01759719540040869,3,0.8300653594771242,0.7737704918032787,0.8,0.8327868852459016,0.7901639344262295,0.8053573341905068,0.022891639620988887,37,0.5799086757990868,0.540045766590389,0.5893719806763285,0.5545851528384279,0.551487414187643,0.563079798018375,0.01850188617257701,2
0.4509713649749756,0.02997334791952462,0.29836559295654297,0.05991439745645102,0.0019517224641449498,{'model__C': np.float64(0.0019517224641449498)},0.6790242134882642,0.5907422615329897,0.6886326573707504,0.6812632446065724,0.6313707569403756,0.6542066267877905,0.03763595984695724,38,0.9241343430027379,0.8990152033560441,0.9266886832683745,0.9157716223855286,0.9113623516110798,0.915394440724753,0.009885597926976516,38,0.6810228802153432,0.6361185983827493,0.6777777777777778,0.6657929226736566,0.6495956873315364,0.6620615732762126,0.017022863870743307,5,0.826797385620915,0.7737704918032787,0.8,0.8327868852459016,0.7901639344262295,0.804703739419265,0.022213460711179557,38,0.5789473684210527,0.540045766590389,0.5879518072289157,0.5545851528384279,0.551487414187643,0.5626035018532857,0.01792412511620257,5
0.6965043067932128,0.09139146110458961,0.4088094711303711,0.06491445269629147,0.0017070728830306638,{'model__C': np.float64(0.0017070728830306638)},0.6775286165354104,0.5885248777978819,0.6875632450116135,0.6795052268798163,0.629853142642449,0.6525950217734342,0.03792307038865257,39,0.9237406827137634,0.898366606170599,0.9263693433697302,0.9154602163974096,0.9109636726071824,0.9149801042517369,0.009988323703163854,39,0.6810228802153432,0.6378378378378379,0.6777777777777778,0.6640419947506562,0.650472334682861,0.6622305650528952,0.01631814531526452,4,0.826797385620915,0.7737704918032787,0.8,0.8295081967213115,0.7901639344262295,0.804048001714347,0.021408583543411942,39,0.5789473684210527,0.542528735632184,0.5879518072289157,0.5536105032822757,0.5527522935779816,0.5631581416284819,0.017257097090840688,1
0.5888167381286621,0.060144734484205147,0.32748727798461913,0.08609608721914506,0.001267425589893723,{'model__C': np.float64(0.001267425589893723)},0.6750520234011004,0.5817107705208011,0.6851897369629382,0.6735984253554809,0.6234795803956358,0.6478061073271912,0.03940937156774635,40,0.922674437006441,0.8965100711076731,0.9251495046264616,0.9142284767883528,0.9097120982218123,0.9136549175501483,0.010230325676820615,40,0.6810228802153432,0.6351351351351351,0.6777777777777778,0.6640419947506562,0.650472334682861,0.6616900245123547,0.01714121112238373,8,0.826797385620915,0.7704918032786885,0.8,0.8295081967213115,0.7901639344262295,0.8033922640094289,0.02235521475641171,40,0.5789473684210527,0.5402298850574713,0.5879518072289157,0.5536105032822757,0.5527522935779816,0.5626983715135394,0.017821967427007254,4
