mean_fit_time,std_fit_time,mean_score_time,std_score_time,param_model__n_neighbors,param_model__p,param_model__weights,params,split0_test_pr_auc,split1_test_pr_auc,split2_test_pr_auc,split3_test_pr_auc,split4_test_pr_auc,mean_test_pr_auc,std_test_pr_auc,rank_test_pr_auc,split0_test_roc_auc,split1_test_roc_auc,split2_test_roc_auc,split3_test_roc_auc,split4_test_roc_auc,mean_test_roc_auc,std_test_roc_auc,rank_test_roc_auc,split0_test_f1,split1_test_f1,split2_test_f1,split3_test_f1,split4_test_f1,mean_test_f1,std_test_f1,rank_test_f1,split0_test_recall,split1_test_recall,split2_test_recall,split3_test_recall,split4_test_recall,mean_test_recall,std_test_recall,rank_test_recall,split0_test_precision,split1_test_precision,split2_test_precision,split3_test_precision,split4_test_precision,mean_test_precision,std_test_precision,rank_test_precision
0.20954151153564454,0.018137837929264242,2.480525493621826,0.20749220214471167,48,1,distance,"{'model__n_neighbors': 48, 'model__p': 1, 'model__weights': 'distance'}",0.7383016418412087,0.6902082610375754,0.749590369116674,0.737181705369625,0.7012988947997406,0.7233161744329648,0.02318639695908215,1,0.9246803241070439,0.9104737536322435,0.9268671962551942,0.9266271954618033,0.91542352206123,0.9208143983035031,0.006653733313603362,1,0.6234234234234234,0.5981308411214953,0.6299810246679317,0.6204379562043796,0.5951940850277264,0.6134334660889913,0.014067900885616663,35,0.565359477124183,0.5245901639344263,0.5442622950819672,0.5573770491803278,0.5278688524590164,0.5438915675559841,0.015950789169243525,36,0.6947791164658634,0.6956521739130435,0.7477477477477478,0.6995884773662552,0.6822033898305084,0.7039941810646837,0.022641245125025865,4
0.1708911895751953,0.012704964173392286,1.0836470127105713,0.03814355748922817,40,2,distance,"{'model__n_neighbors': 40, 'model__p': 2, 'model__weights': 'distance'}",0.7299334707058026,0.6922407263426557,0.7398288926570185,0.7434165979928011,0.7067097515910064,0.7224258878578569,0.019788780675345615,2,0.9235666017819557,0.9081669691470055,0.9230242083444905,0.9240437158469945,0.9197544454692412,0.9197111881179374,0.005964595156631585,6,0.64,0.6145833333333334,0.6471663619744058,0.6757215619694398,0.6422338568935427,0.6439410228341443,0.019497310017814105,4,0.6013071895424836,0.580327868852459,0.580327868852459,0.6524590163934426,0.6032786885245902,0.6035401264330869,0.026365621387972788,2,0.6840148698884758,0.6531365313653137,0.731404958677686,0.7007042253521126,0.6865671641791045,0.6911655498925384,0.025411335953606645,24
0.19817514419555665,0.022810637352572164,2.4894715785980224,0.09052888607146925,44,1,distance,"{'model__n_neighbors': 44, 'model__p': 1, 'model__weights': 'distance'}",0.7366221436741273,0.6901255469137104,0.7498473066103957,0.7351163471510468,0.6996940352824895,0.7222810759263539,0.02312773199781595,3,0.9232926221335992,0.9098330903573235,0.9269167831959774,0.925856614402031,0.9154602163974097,0.9202718652972681,0.006581630735468252,2,0.6220614828209765,0.5888888888888889,0.6311787072243346,0.6290909090909091,0.5977859778597786,0.6138011931769776,0.017211018672909185,32,0.5620915032679739,0.521311475409836,0.5442622950819672,0.5672131147540984,0.5311475409836065,0.5452051858994964,0.017543730910937385,35,0.6963562753036437,0.676595744680851,0.751131221719457,0.7061224489795919,0.6835443037974683,0.7027499988962024,0.02625223640226931,6
0.21772046089172364,0.018490357271541354,0.6771799087524414,0.09315361614996272,38,2,distance,"{'model__n_neighbors': 38, 'model__p': 2, 'model__weights': 'distance'}",0.7286496798088579,0.693860265225815,0.7394222042727188,0.7434351739777408,0.7055984980181655,0.7221931642606596,0.019328142719880276,4,0.9229830350219184,0.9094264774429006,0.9225075124215285,0.9233108208622177,0.9188638640127738,0.9194183419522677,0.005244925263381913,8,0.6539792387543253,0.6108202443280978,0.6410256410256411,0.6735395189003437,0.64,0.6438729286016815,0.02048331342841638,5,0.6176470588235294,0.5737704918032787,0.5737704918032787,0.6426229508196721,0.6032786885245902,0.6022179363548699,0.026420682853594283,4,0.6948529411764706,0.6529850746268657,0.7261410788381742,0.7075812274368231,0.6814814814814815,0.6926083607119631,0.024687974019531014,23
0.1864992141723633,0.017988333576490045,0.7000799179077148,0.09420765952020677,43,2,distance,"{'model__n_neighbors': 43, 'model__p': 2, 'model__weights': 'distance'}",0.7293036821630822,0.6896954525687599,0.7352310678863824,0.740363164359878,0.709529214274045,0.7208245162504295,0.018749966437269606,5,0.9232807529791577,0.9072625033471186,0.9223468507333908,0.923555780349687,0.9197822141560799,0.9192456203130869,0.006137759044897917,9,0.6459412780656304,0.5950704225352113,0.6485507246376812,0.6757679180887372,0.6388888888888888,0.6408438464432298,0.026092522899298677,8,0.6111111111111112,0.5540983606557377,0.5868852459016394,0.6491803278688525,0.6032786885245902,0.6009107468123862,0.03107320777976553,7,0.684981684981685,0.6425855513307985,0.7246963562753036,0.7046263345195729,0.6789667896678967,0.6871713433550514,0.02746927544237746,31
0.1855393409729004,0.005355252101929849,0.6597363471984863,0.07566582536882017,34,2,distance,"{'model__n_neighbors': 34, 'model__p': 2, 'model__weights': 'distance'}",0.7275269845610284,0.6911151224170768,0.7407969325695845,0.7416643304245266,0.7019115634632969,0.7206029866871025,0.020582618095021588,6,0.9219494294893098,0.9076353971418087,0.9224817272123214,0.9236956155226957,0.9177223726359426,0.9186969084004156,0.005885534318097461,11,0.6468531468531469,0.6191304347826087,0.6545454545454545,0.6689536878216124,0.6365217391304347,0.6452008926266515,0.016788344401196788,2,0.6045751633986928,0.5836065573770491,0.5901639344262295,0.639344262295082,0.6,0.6035379834994108,0.01934843459539781,3,0.6954887218045113,0.6592592592592592,0.7346938775510204,0.7014388489208633,0.6777777777777778,0.6937316970626863,0.025231979964829447,21
0.18900446891784667,0.013003686155824885,0.7340118408203125,0.07639937929172833,44,2,distance,"{'model__n_neighbors': 44, 'model__p': 2, 'model__weights': 'distance'}",0.7294855911796226,0.6906801965031196,0.7366152066159797,0.738068947775854,0.7070837076743797,0.7203867299497911,0.01853786443424052,7,0.9234617575843898,0.9086727559429949,0.9233177630339273,0.923049001814882,0.9200648597185446,0.9197132276189477,0.005660162575525609,5,0.6398601398601399,0.5985915492957746,0.6436363636363637,0.676923076923077,0.6422338568935427,0.6402489973217795,0.024883312556152455,10,0.5980392156862745,0.5573770491803278,0.580327868852459,0.6491803278688525,0.6032786885245902,0.5976406300225008,0.030361734699659977,10,0.6879699248120301,0.6463878326996197,0.7224489795918367,0.7071428571428572,0.6865671641791045,0.6901033516850896,0.025552640268262625,27
0.20865979194641113,0.008669618282748051,0.7237959384918213,0.02485496979408003,46,2,distance,"{'model__n_neighbors': 46, 'model__p': 2, 'model__weights': 'distance'}",0.7306933609283729,0.6914969189706321,0.7355497826357725,0.7376947585204046,0.704759487688397,0.7200388617487158,0.01851453201984279,8,0.9234231828324551,0.9084198625450001,0.9241121458252755,0.9248499995041306,0.9193230390844268,0.9200256459582576,0.006110728109887458,4,0.6447140381282496,0.6,0.6472727272727272,0.6825127334465195,0.6339754816112084,0.6416949960917409,0.026474051392315023,6,0.6078431372549019,0.5606557377049181,0.5836065573770491,0.659016393442623,0.5934426229508196,0.6009128897460624,0.03286334672206311,6,0.6863468634686347,0.6452830188679245,0.726530612244898,0.7077464788732394,0.6804511278195489,0.6892716202548492,0.027389433094248152,28
0.19478168487548828,0.014105569684710297,0.6709467887878418,0.10523159016733703,29,2,distance,"{'model__n_neighbors': 29, 'model__p': 2, 'model__weights': 'distance'}",0.7255950253607804,0.6871436526069699,0.7436871629555618,0.7419889247596269,0.7007662856096498,0.7198362102585177,0.022473273048755557,9,0.9186962920761526,0.9057411760038878,0.9221038747235528,0.9234238790872037,0.9151845130066545,0.9170299469794901,0.006328440459052887,13,0.657439446366782,0.6232394366197183,0.6606170598911071,0.6609880749574105,0.6434782608695652,0.6491524557409166,0.014449043508864159,1,0.6209150326797386,0.580327868852459,0.5967213114754099,0.6360655737704918,0.6065573770491803,0.6081174327654559,0.019232484841919306,1,0.6985294117647058,0.6730038022813688,0.7398373983739838,0.6879432624113475,0.6851851851851852,0.6968998120033182,0.02295545016519489,18
0.18009452819824218,0.006309292847148498,2.4799359798431397,0.17974756060467498,26,1,distance,"{'model__n_neighbors': 26, 'model__p': 1, 'model__weights': 'distance'}",0.7292146743980242,0.6827881604852434,0.7481795452124752,0.7270873556504791,0.6916750817753832,0.715788963504321,0.024607256870376456,10,0.9201660890344839,0.9032142255015719,0.9230480100760663,0.9221980899110408,0.9109478047861315,0.9159148438618588,0.007673480443518431,16,0.6404293381037567,0.6075949367088608,0.6333333333333333,0.629695885509839,0.5921787709497207,0.6206464529211021,0.017971993229380846,25,0.5849673202614379,0.5508196721311476,0.5606557377049181,0.5770491803278689,0.521311475409836,0.5589606771670417,0.022316590321170757,29,0.7075098814229249,0.6774193548387096,0.7276595744680852,0.6929133858267716,0.6853448275862069,0.6981694048285396,0.01777399617503831,16
0.1981654167175293,0.022437599146341403,2.384837102890015,0.1595969992425107,25,1,distance,"{'model__n_neighbors': 25, 'model__p': 1, 'model__weights': 'distance'}",0.7261171020255329,0.6802565789502873,0.747551276242736,0.7285453348416627,0.6898388299383513,0.7144618243997141,0.025319531033077543,11,0.9196003260061087,0.9018555433241102,0.9227058601846619,0.9222000733886724,0.9104043319151467,0.9153532269637401,0.008070407639781582,19,0.6366906474820144,0.5963636363636363,0.6419294990723562,0.6308243727598566,0.5891181988742964,0.618985270910432,0.021835121431627153,28,0.5784313725490197,0.5377049180327869,0.5672131147540984,0.5770491803278689,0.5147540983606558,0.5550305368048859,0.024912661604865657,31,0.708,0.6693877551020408,0.7393162393162394,0.6956521739130435,0.6885964912280702,0.7001905319118789,0.023219122737998133,13
0.16645402908325196,0.008721502749362665,3.0168204307556152,0.14652448459637968,25,1,distance,"{'model__n_neighbors': 25, 'model__p': 1, 'model__weights': 'distance'}",0.7261171020255329,0.6802565789502873,0.747551276242736,0.7285453348416627,0.6898388299383513,0.7144618243997141,0.025319531033077543,11,0.9196003260061087,0.9018555433241102,0.9227058601846619,0.9222000733886724,0.9104043319151467,0.9153532269637401,0.008070407639781582,19,0.6366906474820144,0.5963636363636363,0.6419294990723562,0.6308243727598566,0.5891181988742964,0.618985270910432,0.021835121431627153,28,0.5784313725490197,0.5377049180327869,0.5672131147540984,0.5770491803278689,0.5147540983606558,0.5550305368048859,0.024912661604865657,31,0.708,0.6693877551020408,0.7393162393162394,0.6956521739130435,0.6885964912280702,0.7001905319118789,0.023219122737998133,13
0.19433951377868652,0.02695167441281119,2.0651885509490966,0.06710225027512834,28,1,distance,"{'model__n_neighbors': 28, 'model__p': 1, 'model__weights': 'distance'}",0.7257631407059503,0.68202376711144,0.7465831166090902,0.7266707779856485,0.6905408769040965,0.7143163358632452,0.024219368968953145,13,0.9193530519552454,0.9039867900389753,0.9240546249739668,0.9226027193478327,0.9100611902849267,0.9160116753201895,0.00773694819041815,14,0.6330935251798561,0.6068222621184919,0.6420664206642066,0.6407079646017699,0.5988909426987061,0.6243162230526061,0.017962646181101518,22,0.5751633986928104,0.5540983606557377,0.5704918032786885,0.5934426229508196,0.5311475409836065,0.5648687453123326,0.02101040675211749,27,0.704,0.6706349206349206,0.7341772151898734,0.6961538461538461,0.6864406779661016,0.6982813319889483,0.021119985506711472,15
0.19739561080932616,0.029696241071863513,0.7204743385314941,0.06635974400582978,22,2,distance,"{'model__n_neighbors': 22, 'model__p': 2, 'model__weights': 'distance'}",0.722895063310655,0.6837957276732912,0.7340090444515031,0.730009612318413,0.6989560283414304,0.7139330952190586,0.019361758528346193,14,0.9155203041668645,0.9033570358910278,0.9180129521089324,0.918943203118027,0.9140876498765285,0.9139842290322762,0.005588013786007585,22,0.6526315789473685,0.6094570928196147,0.6510791366906474,0.6620926243567753,0.6291739894551845,0.6408868844539181,0.01906057171575036,7,0.6078431372549019,0.5704918032786885,0.5934426229508196,0.6327868852459017,0.5868852459016394,0.5982899389263903,0.02101239036530103,8,0.7045454545454546,0.6541353383458647,0.7211155378486056,0.6942446043165468,0.678030303030303,0.690414247617355,0.022919219903895064,25
0.19098434448242188,0.016775064766851422,2.5072303771972657,0.22170572466813632,20,1,distance,"{'model__n_neighbors': 20, 'model__p': 1, 'model__weights': 'distance'}",0.7208205668166753,0.6798858686367649,0.7475516837054151,0.7276407569643963,0.685664405359156,0.7123126562964816,0.025732275842528775,15,0.9165756698159488,0.8984737139626908,0.9185008876062399,0.918981880931838,0.9086509376890501,0.9122366180011536,0.007821018440245393,24,0.6342342342342342,0.60431654676259,0.6422018348623854,0.6549295774647887,0.6181818181818182,0.6307728023011633,0.01780236175811852,15,0.5751633986928104,0.5508196721311476,0.5737704918032787,0.6098360655737705,0.5573770491803278,0.5733933354762669,0.020481404498604715,21,0.7068273092369478,0.6693227091633466,0.7291666666666666,0.7072243346007605,0.6938775510204082,0.7012837141376259,0.019595094033628534,11
0.14462532997131347,0.014699879754993551,3.044973134994507,0.18568036471750246,19,1,distance,"{'model__n_neighbors': 19, 'model__p': 1, 'model__weights': 'distance'}",0.720764103111557,0.6803969780506501,0.7467459262884802,0.7261778802358219,0.6830058363567818,0.7114181448086583,0.02577914245803441,16,0.916684470398329,0.898719665188976,0.9181022086023424,0.918092291214186,0.9079111005325639,0.9119019471872795,0.007607043377752685,25,0.6283662477558348,0.5978260869565217,0.6408839779005525,0.6488413547237076,0.6114180478821363,0.6254671430437506,0.018728814341919236,21,0.5718954248366013,0.5409836065573771,0.5704918032786885,0.5967213114754099,0.5442622950819672,0.5648708882460088,0.020448494314653922,26,0.6972111553784861,0.6680161943319838,0.7310924369747899,0.7109375,0.6974789915966386,0.7009472556563796,0.020586301462821126,12
0.21062688827514647,0.015065516192023279,2.2553820610046387,0.13279467092598163,18,1,distance,"{'model__n_neighbors': 18, 'model__p': 1, 'model__weights': 'distance'}",0.7226083841237426,0.68062615144943,0.7458339785277645,0.728214529257531,0.677429436988233,0.7109424960693402,0.02718101360429845,17,0.9170207631075029,0.8989100790415836,0.916108813582855,0.9185108049943966,0.9072654785635654,0.9115631878579806,0.0074469952679983124,26,0.6357142857142857,0.5989304812834224,0.6335174953959485,0.6608084358523726,0.6021897810218978,0.6262320958535854,0.0230734623295321,20,0.5816993464052288,0.5508196721311476,0.5639344262295082,0.6163934426229508,0.5409836065573771,0.5707660987892424,0.026581643811785682,23,0.7007874015748031,0.65625,0.7226890756302521,0.7121212121212122,0.6790123456790124,0.694172007001056,0.02386233249035512,20
0.20569205284118652,0.020407210471658145,2.2555315494537354,0.07600367728407323,49,1,uniform,"{'model__n_neighbors': 49, 'model__p': 1, 'model__weights': 'uniform'}",0.7266653219750526,0.6782717017551392,0.7347770391367269,0.7240059503813786,0.6909579918038464,0.7109356010104287,0.022148171529064644,18,0.924352933263701,0.9095316017573611,0.925412315412613,0.9263703351085459,0.915165669969157,0.9201665711022755,0.006657953656673265,3,0.6220614828209765,0.5928705440900562,0.6230769230769231,0.6148148148148148,0.5966850828729282,0.6099017695351397,0.01273047334902987,37,0.5620915032679739,0.5180327868852459,0.5311475409836065,0.5442622950819672,0.5311475409836065,0.53733633344048,0.014899775780903641,37,0.6963562753036437,0.6929824561403509,0.7534883720930232,0.7063829787234043,0.680672268907563,0.705976470233597,0.025136591753641815,2
0.21317038536071778,0.023162475288528862,0.7210643291473389,0.09426766040859481,40,2,uniform,"{'model__n_neighbors': 40, 'model__p': 2, 'model__weights': 'uniform'}",0.7185064162206273,0.6803281831140391,0.726885289375233,0.7319618046979399,0.6940733640501039,0.7103510114915885,0.019865806726396717,19,0.9235438525692763,0.9079557287792688,0.9215871788005912,0.9236390864102029,0.9189451865956582,0.9191342066309994,0.005843801626445277,10,0.6261180679785331,0.5892857142857143,0.6343283582089553,0.662020905923345,0.6371681415929203,0.6297842375978936,0.02352847230572294,16,0.5718954248366013,0.5409836065573771,0.5573770491803278,0.6229508196721312,0.5901639344262295,0.5766741669345334,0.028257861367307683,17,0.691699604743083,0.6470588235294118,0.7359307359307359,0.7063197026022305,0.6923076923076923,0.6946633118226307,0.028703280464562567,19
0.23431901931762694,0.007701971126144779,0.7328049182891846,0.0792962404519503,49,2,uniform,"{'model__n_neighbors': 49, 'model__p': 2, 'model__weights': 'uniform'}",0.7193305978046182,0.6835077067830455,0.7240851430082045,0.7258294734919055,0.6969367003190818,0.7099379242813711,0.016783895086995803,20,0.922766422953362,0.9082076304384477,0.9241795840647408,0.9246526434798132,0.9187190701456864,0.9197050702164098,0.00611612546540745,7,0.6411149825783972,0.6038394415357766,0.6373626373626373,0.6779661016949152,0.6339754816112084,0.638851728956587,0.023608947134742923,11,0.6013071895424836,0.5672131147540984,0.5704918032786885,0.6557377049180327,0.5934426229508196,0.5976384870888246,0.03184094687511062,11,0.6865671641791045,0.6455223880597015,0.7219917012448133,0.7017543859649122,0.6804511278195489,0.6872573534536162,0.02531895445377298,30
0.09949793815612792,0.007890190133485644,1.5172761917114257,0.07611483948301358,43,2,uniform,"{'model__n_neighbors': 43, 'model__p': 2, 'model__weights': 'uniform'}",0.7178528266813857,0.679138616545166,0.7235847242027732,0.7290403764750302,0.698810053749792,0.7096853195308295,0.018362419893383518,21,0.9230225988700564,0.906840022611645,0.9210873424374957,0.9229220592464767,0.9189898148423632,0.9185723676016074,0.006047671540941853,12,0.6481802426343154,0.5890652557319224,0.644927536231884,0.6678082191780822,0.6330434782608696,0.6366049464074146,0.02626634143008078,12,0.6111111111111112,0.5475409836065573,0.5836065573770491,0.639344262295082,0.5967213114754099,0.5956648451730419,0.03036084020326159,12,0.6900369003690037,0.6374045801526718,0.7206477732793523,0.6989247311827957,0.674074074074074,0.6842176118115795,0.027826862687021912,33
0.21536288261413575,0.024485243823018924,0.6568026065826416,0.06939210902651262,19,2,distance,"{'model__n_neighbors': 19, 'model__p': 2, 'model__weights': 'distance'}",0.7183152593766985,0.6770473389874477,0.7315627949768583,0.7205308282233109,0.6994241201468109,0.7093760683422252,0.019187374274215244,22,0.9120713257054234,0.8992889232691678,0.915556415062529,0.9169557585314332,0.9130423571648171,0.9113829559466741,0.006292328366710312,27,0.6504347826086957,0.6086956521739131,0.6484517304189436,0.6632653061224489,0.6323268206039077,0.6406348583855819,0.018753216007655994,9,0.6111111111111112,0.5737704918032787,0.5836065573770491,0.639344262295082,0.5836065573770491,0.598287795992714,0.024009358905063144,9,0.6951672862453532,0.6481481481481481,0.7295081967213115,0.6890459363957597,0.689922480620155,0.6903584096261455,0.025843567548058218,26
0.20857038497924804,0.026704992539747514,0.6356322765350342,0.10805421766553183,28,2,uniform,"{'model__n_neighbors': 28, 'model__p': 2, 'model__weights': 'uniform'}",0.7102484098519655,0.6706603156139055,0.7291024261898615,0.7216511204131045,0.6816660965177773,0.7026656737173228,0.022725193705259893,23,0.9174846492269224,0.9060168793946426,0.9203584144079816,0.9223528011662848,0.9135620283042257,0.9159549545000114,0.005781942574294815,15,0.650088809946714,0.6064981949458483,0.6443202979515829,0.6455026455026455,0.6148282097649186,0.6322476316223419,0.01792329242226385,13,0.5980392156862745,0.5508196721311476,0.5672131147540984,0.6,0.5573770491803278,0.5746898103503696,0.020548560069336304,20,0.7120622568093385,0.6746987951807228,0.7456896551724138,0.6984732824427481,0.6854838709677419,0.7032815721145931,0.024626810127501057,5
0.213997745513916,0.019959575482578196,0.6921947479248047,0.0862484988117964,27,2,uniform,"{'model__n_neighbors': 27, 'model__p': 2, 'model__weights': 'uniform'}",0.7064537154473225,0.6703690740337519,0.7287970056750145,0.719067839713087,0.6804512387708272,0.7010277747280006,0.02231306668748472,24,0.9156914178100619,0.9055666299723305,0.9207213908145151,0.9200668431961758,0.9135431852667282,0.9151178934119624,0.005475884519933053,21,0.65625,0.6256590509666081,0.6486486486486487,0.6575809199318569,0.6336283185840708,0.6443533876262368,0.012644774361143925,3,0.6176470588235294,0.5836065573770491,0.5901639344262295,0.6327868852459017,0.5868852459016394,0.6022179363548699,0.01948995763433942,4,0.7,0.6742424242424242,0.72,0.6843971631205674,0.6884615384615385,0.693420225164906,0.015643338121163988,22
0.20158324241638184,0.027394572348553393,2.1874716758728026,0.008281095404753502,29,1,uniform,"{'model__n_neighbors': 29, 'model__p': 1, 'model__weights': 'uniform'}",0.7140668438813729,0.6670481409143586,0.730097244437837,0.7055197632909582,0.6743570160861493,0.6982178017221352,0.023923605472503044,25,0.9219840478564307,0.9043408407961678,0.9234119782214156,0.9211875080578777,0.908298870409489,0.9158446490682761,0.007909225126440022,17,0.6436363636363637,0.5919117647058824,0.6317757009345795,0.625,0.6037037037037037,0.6192055065961058,0.018834579658284435,26,0.5784313725490197,0.5278688524590164,0.5540983606557377,0.5737704918032787,0.5344262295081967,0.5537190613950498,0.020264988113328775,33,0.7254098360655737,0.6736401673640168,0.7347826086956522,0.6862745098039216,0.6936170212765957,0.7027448286411521,0.02341705143826127,7
0.20205941200256347,0.015215864093051833,2.4828720092773438,0.1844619252457469,29,1,uniform,"{'model__n_neighbors': 29, 'model__p': 1, 'model__weights': 'uniform'}",0.7140668438813729,0.6670481409143586,0.730097244437837,0.7055197632909582,0.6743570160861493,0.6982178017221352,0.023923605472503044,25,0.9219840478564307,0.9043408407961678,0.9234119782214156,0.9211875080578777,0.908298870409489,0.9158446490682761,0.007909225126440022,17,0.6436363636363637,0.5919117647058824,0.6317757009345795,0.625,0.6037037037037037,0.6192055065961058,0.018834579658284435,26,0.5784313725490197,0.5278688524590164,0.5540983606557377,0.5737704918032787,0.5344262295081967,0.5537190613950498,0.020264988113328775,33,0.7254098360655737,0.6736401673640168,0.7347826086956522,0.6862745098039216,0.6936170212765957,0.7027448286411521,0.02341705143826127,7
0.17315635681152344,0.009070700527394008,2.7805007457733155,0.09809169964926147,23,1,uniform,"{'model__n_neighbors': 23, 'model__p': 1, 'model__weights': 'uniform'}",0.7005161110837561,0.6632450134782909,0.7233411832050578,0.7050277833762698,0.6729362853771746,0.6930132753041099,0.02195294004573185,27,0.9150860909335485,0.9016125673142721,0.9194142790554679,0.9193379151666619,0.9076582071345689,0.9126218119209039,0.006973624063821521,23,0.6376811594202898,0.596745027124774,0.6417910447761194,0.6381461675579323,0.6007462686567164,0.6230219335071664,0.019912789615617706,23,0.5751633986928104,0.5409836065573771,0.5639344262295082,0.5868852459016394,0.5278688524590164,0.5589671059680703,0.021711399440493433,28,0.7154471544715447,0.6653225806451613,0.7445887445887446,0.69921875,0.696969696969697,0.7043093853350296,0.025869801764097592,3
0.20495686531066895,0.02523170494973284,2.1970731735229494,0.05895139022626611,19,1,uniform,"{'model__n_neighbors': 19, 'model__p': 1, 'model__weights': 'uniform'}",0.700685773170453,0.6636079834815377,0.7253398797458455,0.7039123046163975,0.6659574589873728,0.6919006800003212,0.023719883896752815,28,0.9150316906423587,0.8986423095613539,0.9181488203266787,0.9167980720597424,0.9076036614997075,0.9112449108179682,0.007279086793698315,28,0.629695885509839,0.6054054054054054,0.6482504604051565,0.6464285714285715,0.6091743119266055,0.6277909269351156,0.017984844162681993,18,0.5751633986928104,0.5508196721311476,0.5770491803278689,0.5934426229508196,0.5442622950819672,0.5681474338369227,0.018105593747963843,24,0.6956521739130435,0.672,0.7394957983193278,0.7098039215686275,0.6916666666666667,0.7017237120935331,0.022421093114407757,9
0.19920783042907714,0.018970704816607533,0.6151431560516357,0.06252227604591387,10,2,distance,"{'model__n_neighbors': 10, 'model__p': 2, 'model__weights': 'distance'}",0.6961465626861659,0.6584612566343319,0.7146475938503599,0.7016800938578456,0.670428252143737,0.6882727518344881,0.02071008171931554,29,0.9023821392963964,0.8823758095068083,0.8993166919560066,0.9115061537393513,0.8965358563168804,0.8984233301630885,0.00947328891682805,35,0.6444833625218914,0.5880281690140845,0.6306306306306306,0.6552315608919382,0.5957446808510638,0.6228236807819216,0.026549428802455765,24,0.6013071895424836,0.5475409836065573,0.5737704918032787,0.6262295081967213,0.5508196721311476,0.5799335690560378,0.030116532805404377,16,0.6943396226415094,0.6349809885931559,0.7,0.6870503597122302,0.6486486486486487,0.6730039239191087,0.02615425612220724,37
0.17641668319702147,0.010841137062804063,1.052869701385498,0.029697075466059753,15,2,uniform,"{'model__n_neighbors': 15, 'model__p': 2, 'model__weights': 'uniform'}",0.6938160339768522,0.6571309386791617,0.7090305621313141,0.7075347385391187,0.6659353071604992,0.6866895160973892,0.02139569854530052,30,0.9087815917327383,0.8926561740699969,0.91068499399998,0.9177203891583112,0.9092519314113436,0.9078190160744741,0.008235807116829285,29,0.6350877192982456,0.6031746031746031,0.6313868613138686,0.6723549488054608,0.6148409893992933,0.6313690243982942,0.02350223963153968,14,0.5915032679738562,0.5606557377049181,0.5672131147540984,0.6459016393442623,0.5704918032786885,0.5871531126111647,0.031137202395602234,13,0.6856060606060606,0.6526717557251909,0.7119341563786008,0.701067615658363,0.6666666666666666,0.6835892510069763,0.021703731419395453,34
0.191815185546875,0.015810599715859353,0.6340974807739258,0.061754272890091326,13,2,uniform,"{'model__n_neighbors': 13, 'model__p': 2, 'model__weights': 'uniform'}",0.6936583919389505,0.6568030390064212,0.696963818056635,0.692386039956573,0.6630424154649226,0.6805707408847004,0.017039757780185696,31,0.9085333285856716,0.8887725248678507,0.9078337449049418,0.9145240149554213,0.907421181557625,0.9054169589743021,0.008712579151088935,30,0.647985989492119,0.5957446808510638,0.6234234234234234,0.6678023850085179,0.6007194244604317,0.6271351806471112,0.027515488489615506,19,0.6045751633986928,0.5508196721311476,0.5672131147540984,0.6426229508196721,0.5475409836065573,0.5825543769420336,0.03622577019659049,15,0.6981132075471698,0.6486486486486487,0.692,0.6950354609929078,0.6653386454183267,0.6798271925214106,0.01947237331461293,35
0.19829363822937013,0.0267458347286104,0.5470632076263428,0.06108751993423793,12,2,uniform,"{'model__n_neighbors': 12, 'model__p': 2, 'model__weights': 'uniform'}",0.6904956964974277,0.6488533206107134,0.6866504613410979,0.6864584976411106,0.6547687199092246,0.6734453391999148,0.01782142370167483,32,0.9055739527449398,0.8888657483165232,0.9018803367945017,0.9112968968492458,0.9008102506123987,0.9016854370635219,0.007384430515842236,31,0.6194029850746269,0.5649717514124294,0.6072106261859582,0.6474820143884892,0.5741444866920152,0.6026423727507038,0.03014493572377365,38,0.5424836601307189,0.4918032786885246,0.5245901639344263,0.5901639344262295,0.49508196721311476,0.5288246008786028,0.03598932569343008,38,0.7217391304347827,0.6637168141592921,0.7207207207207207,0.7171314741035857,0.6832579185520362,0.7013132115940837,0.023594786316963545,10
0.18080124855041504,0.008115863549586185,2.4628005981445313,0.11300309199698996,12,1,uniform,"{'model__n_neighbors': 12, 'model__p': 1, 'model__weights': 'uniform'}",0.6718572359846239,0.6440014627374553,0.6998996943144238,0.6905476578975145,0.63597691653743,0.6684565934942895,0.025064839598750423,33,0.9024226922407381,0.8912131940932037,0.9009758709946147,0.9124284708379201,0.8997381809526643,0.9013556818238282,0.0067731202629284825,32,0.5965583173996176,0.5654648956356736,0.6090373280943026,0.6231343283582089,0.5592233009708738,0.5906836340917353,0.024698805134154764,39,0.5098039215686274,0.4885245901639344,0.5081967213114754,0.5475409836065573,0.4721311475409836,0.5052394728383156,0.025276652590212986,40,0.7188940092165899,0.6711711711711712,0.7598039215686274,0.7229437229437229,0.6857142857142857,0.7117054221228795,0.031016142605754297,1
0.19551630020141603,0.021813755738159076,0.6307300567626953,0.0635931702567104,11,2,uniform,"{'model__n_neighbors': 11, 'model__p': 2, 'model__weights': 'uniform'}",0.6780515814064574,0.6411684855778024,0.6873897168372751,0.6847491531995851,0.6461192993728556,0.6674956472787951,0.019773481779847994,34,0.9035136653531468,0.8844237501611576,0.9015738895004611,0.9107226800749754,0.8983894161633591,0.8997246802506199,0.008656019580369876,34,0.6409807355516638,0.6042402826855123,0.6327272727272727,0.6539792387543253,0.6153846153846154,0.629462429020678,0.017769333424809856,17,0.5980392156862745,0.5606557377049181,0.5704918032786885,0.6196721311475409,0.5639344262295082,0.5825586628093861,0.022756390156218297,14,0.690566037735849,0.6551724137931034,0.710204081632653,0.6923076923076923,0.6771653543307087,0.6850831159600014,0.018279282832022677,32
0.18883090019226073,0.020572796835655206,2.4357988357543947,0.16229851977539547,11,1,uniform,"{'model__n_neighbors': 11, 'model__p': 1, 'model__weights': 'uniform'}",0.669379845878809,0.6406239827244437,0.6938282046279513,0.6873350590131478,0.624229092233338,0.6630792368955379,0.026784748559329486,35,0.9040359081485702,0.8897285610861524,0.9027907530272827,0.911316731625559,0.8973996608253251,0.9010543229425778,0.007195158213353372,33,0.6189624329159212,0.60431654676259,0.6278195488721805,0.6442477876106195,0.5869565217391305,0.6164605675800884,0.019623360292157263,31,0.565359477124183,0.5508196721311476,0.5475409836065573,0.5967213114754099,0.5311475409836065,0.5583177970641808,0.02206807458069998,30,0.6837944664031621,0.6693227091633466,0.73568281938326,0.7,0.6558704453441295,0.6889340880587798,0.02761204320597973,29
0.18345351219177247,0.005874577741850979,0.6506007194519043,0.055221312469977926,6,2,distance,"{'model__n_neighbors': 6, 'model__p': 2, 'model__weights': 'distance'}",0.6743689124740647,0.6093959020387771,0.682817887893765,0.6775830190130082,0.6249712122084954,0.6538273867256221,0.030441974780449892,36,0.8929342923610122,0.8690428728690013,0.8772604206956057,0.900883639284758,0.8876082234982594,0.8855458897417273,0.0112701982063178,39,0.6495726495726496,0.5684210526315789,0.6263345195729537,0.6449399656946827,0.5780141843971631,0.6134564743738056,0.03389919620045665,33,0.6209150326797386,0.5311475409836065,0.5770491803278689,0.6163934426229508,0.5344262295081967,0.5759862852244723,0.0384453161754798,18,0.6810035842293907,0.6113207547169811,0.6848249027237354,0.6762589928057554,0.6293436293436293,0.6565503727638984,0.030238265610270952,39
0.19128656387329102,0.01014789163737981,0.6116103172302246,0.03618518233613512,6,2,distance,"{'model__n_neighbors': 6, 'model__p': 2, 'model__weights': 'distance'}",0.6743689124740647,0.6093959020387771,0.682817887893765,0.6775830190130082,0.6249712122084954,0.6538273867256221,0.030441974780449892,36,0.8929342923610122,0.8690428728690013,0.8772604206956057,0.900883639284758,0.8876082234982594,0.8855458897417273,0.0112701982063178,39,0.6495726495726496,0.5684210526315789,0.6263345195729537,0.6449399656946827,0.5780141843971631,0.6134564743738056,0.03389919620045665,33,0.6209150326797386,0.5311475409836065,0.5770491803278689,0.6163934426229508,0.5344262295081967,0.5759862852244723,0.0384453161754798,18,0.6810035842293907,0.6113207547169811,0.6848249027237354,0.6762589928057554,0.6293436293436293,0.6565503727638984,0.030238265610270952,39
0.1873776435852051,0.005298257128944782,0.7485999584197998,0.05101761558158272,8,2,uniform,"{'model__n_neighbors': 8, 'model__p': 2, 'model__weights': 'uniform'}",0.6530971417355736,0.6231581818948146,0.6666455968841669,0.6631620159518604,0.614573975013835,0.6441273822960502,0.02127418669893616,38,0.897201253382709,0.8799153055051421,0.8900062479545388,0.9083038291035672,0.8906647625281405,0.8932182796948196,0.009351412732571557,36,0.5935727788279773,0.5794392523364486,0.5891472868217055,0.6127819548872181,0.5643939393939394,0.5878670424534578,0.015980998268562682,40,0.5130718954248366,0.5081967213114754,0.49836065573770494,0.5344262295081967,0.4885245901639344,0.5085160184292297,0.015459531684291043,39,0.7040358744394619,0.6739130434782609,0.7203791469194313,0.7180616740088106,0.6681614349775785,0.6969102347647086,0.021928576136463603,17
0.18222761154174805,0.018580810874810776,0.7918725967407226,0.16952539591411175,7,2,uniform,"{'model__n_neighbors': 7, 'model__p': 2, 'model__weights': 'uniform'}",0.6541415433009934,0.6005762490152515,0.6625133533419066,0.646740013906586,0.6117860276624039,0.6351514374454282,0.02443350034538033,39,0.8989390954121763,0.8761347971398253,0.8871579740759474,0.9053504309105155,0.8910009619866512,0.8917166519050232,0.010021293067433023,37,0.6236933797909407,0.5778546712802768,0.6187050359712231,0.6469565217391304,0.5985915492957746,0.6131602316154691,0.023420548187720977,36,0.5849673202614379,0.5475409836065573,0.5639344262295082,0.6098360655737705,0.5573770491803278,0.5727311689703203,0.02224488195700779,22,0.667910447761194,0.6117216117216118,0.6852589641434262,0.6888888888888889,0.6463878326996197,0.6600335490429481,0.028464878711482264,38
0.18209362030029297,0.018291950731120093,2.521018362045288,0.1823736422109878,7,1,uniform,"{'model__n_neighbors': 7, 'model__p': 1, 'model__weights': 'uniform'}",0.6457365051960136,0.5976053528340101,0.6628099756097996,0.6612521375623877,0.5927730306400609,0.6320354003684543,0.030709524050214484,40,0.899420785263258,0.8762250453720507,0.8837860621026847,0.9049577023395119,0.8801592732537958,0.8889097736662602,0.011240492774315282,38,0.6267605633802817,0.6048951048951049,0.6338797814207651,0.6503496503496503,0.5735294117647058,0.6178829023621015,0.026550773024057957,30,0.5816993464052288,0.5672131147540984,0.5704918032786885,0.6098360655737705,0.5114754098360655,0.5681431479695703,0.03206145219134022,25,0.6793893129770993,0.6479400749063671,0.7131147540983607,0.6966292134831461,0.6527196652719666,0.677958604147388,0.02499883834681314,36
